FSS_LAB_NUM,FSF_SITE_NO,Station name/Location:,FSF_STA_ID,FSF_COLL_DATETIME,Species id_alpha,Species name:,No. of fish:,Length (cm):,Weight (g):,Latitude:,Longitude:,FSS_WATER_CONTENT,FSS_LIPID_CONTENT,TSR_CORR_RECOV_WET,TSR_UNCORR_WET,TSR_CORR_RECOV_WET,Species id_alpha,sample_id,Project,Year,,
18PF101,3,Rapidan River near Rt. 610 bridge,3-RAP006.49,8/15/2018,LMB,Largemouth Bass,2,26.1 - 27.9,230 - 262,38.35963333,-77.6853,79.05758917,2.999997232,0,0,0,LMB,18PF101,Routine_Statewide,2018,,
18PF101D,3,Rapidan River near Rt. 610 bridge,3-RAP006.49,8/15/2018,LMB,Largemouth Bass,2,26.1 - 27.9,230 - 262,38.35963333,-77.6853,79.05758917,3.239989164,0,0,0,LMB,18PF101D,Routine_Statewide,2018,,
18PF102,3,Rapidan River near Rt. 610 bridge,3-RAP006.49,8/15/2018,RBS,Redbreast Sunfish,5,12.7 - 15.9,34 - 68,38.35963333,-77.6853,79.64457572,3.139996552,0,0,0,RBS,18PF102,Routine_Statewide,2018,,
18PF103,3,Rapidan River near Rt. 610 bridge,3-RAP006.49,8/15/2018,C,Carp,2,72.8 - 81.0,5600 - 8200,38.35963333,-77.6853,72.49087989,28.92000601,4.310501759,3.288440218,4.310501759,C,18PF103,Routine_Statewide,2018,,
18PF001,4,Hunting Run Reservoir,3-HNT000.92,5/1/2018,NSH,Northern Snakehead fish,4,56.0 - 65.9,0,38.351175,-77.64067778,79.1208744,2.219986927,0,0,0,NSH,18PF001,Routine_Statewide,2018,,
18PF002,4,Hunting Run Reservoir,3-HNT000.92,5/1/2018,BKS,Black Crappie,15,20.0 - 28.4,99 - 299,38.351175,-77.64067778,80.94117641,2.919983817,0.667926164,0.421962354,0.667926164,BKS,18PF002,Routine_Statewide,2018,,
18PF003,4,Hunting Run Reservoir,3-HNT000.92,5/1/2018,RES,Redear Sunfish,6,20.0 - 25.5,126 - 236,38.351175,-77.64067778,80.74269593,2.560019493,0,0,0,RES,18PF003,Routine_Statewide,2018,,
18PF021,5,Rappahannock River below Fredericksburg,3-RPP107.33,5/30/2018,LMB,Largemouth Bass,5,29.4 - 34.0,352 - 510,38.28276667,-77.44201667,80.01035452,3.339982068,16.86265217,10.52954576,16.86265217,LMB,18PF021,Routine_Statewide,2018,,
18PF022,5,Rappahannock River below Fredericksburg,3-RPP107.33,5/30/2018,BLC,Blue Catfish,2,52.6 - 65.6,1419 - 2905,38.28276667,-77.44201667,80.30302823,12.94000191,81.16335035,52.52906615,81.16335035,BLC,18PF022,Routine_Statewide,2018,,
18PF023,5,Rappahannock River below Fredericksburg,3-RPP107.33,5/30/2018,BLC,Blue Catfish,11,42.0 - 45.2,710 - 880,38.28276667,-77.44201667,82.52053112,5.55999286,14.62398726,9.766653238,14.62398726,BLC,18PF023,Routine_Statewide,2018,,
18PF024,5,Rappahannock River below Fredericksburg,3-RPP107.33,5/30/2018,C,Carp,2,78.0 - 82.9,7000 - 9600,38.28276667,-77.44201667,78.79890651,9.92000103,101.394535,68.86772401,101.394535,C,18PF024,Routine_Statewide,2018,,
18PF025,5,Rappahannock River below Fredericksburg,3-RPP107.33,5/30/2018,GSH,Gizzard Shad,10,35.1 - 40.7,376 - 658,38.28276667,-77.44201667,78.93606275,14.7200108,34.477069,23.72304868,34.477069,GSH,18PF025,Routine_Statewide,2018,,
18PF026,9,Rappahannock River near Hopyard Bar,3-RPP091.55,5/31/2018,LMB,Largemouth Bass,6,30.1 - 37.8,410 - 806,38.24622222,-77.23344445,79.5074448,4.399991012,20.0292669,13.13818699,20.0292669,LMB,18PF026,Routine_Statewide,2018,,
18PF027,9,Rappahannock River near Hopyard Bar,3-RPP091.55,5/31/2018,GSH,Gizzard Shad,10,34.7 - 41.6,381 - 616,38.24622222,-77.23344445,79.85109836,9.880018188,28.32574054,18.14408593,28.32574054,GSH,18PF027,Routine_Statewide,2018,,
18PF028,9,Rappahannock River near Hopyard Bar,3-RPP091.55,5/31/2018,WP,White Perch,12,15.4 - 19.0,54 - 106,38.24622222,-77.23344445,80.42105734,3.259992518,2.372868724,1.597641721,2.372868724,WP,18PF028,Routine_Statewide,2018,,
18PF029,9,Rappahannock River near Hopyard Bar,3-RPP091.55,5/31/2018,BLC,Blue Catfish,1,78.5,7000,38.24622222,-77.23344445,62.95597851,22.03998622,744.1695273,508.6377528,744.1695273,BLC,18PF029,Routine_Statewide,2018,,
18PF030,9,Rappahannock River near Hopyard Bar,3-RPP091.55,5/31/2018,BLC,Blue Catfish,9,47.3 - 61.3,1104 - 2484,38.24622222,-77.23344445,79.80236709,14.48001829,94.19059246,61.48078667,94.19059246,BLC,18PF030,Routine_Statewide,2018,,
18PF031,6,Rappahannock River near Rt. 301 bridge,3-RPP080.19,6/5/2018,C,Carp,1,78,5800,38.17483333,-77.18851667,81.74903989,7.640004042,18.40007858,12.90178621,18.40007858,C,18PF031,Routine_Statewide,2018,,
18PF032,6,Rappahannock River near Rt. 301 bridge,3-RPP080.19,6/5/2018,SF,Pumpkinseed Sunfish,9,15.0 - 17.2,81 - 130,38.17483333,-77.18851667,80.66851646,3.279995872,2.391272616,1.712189497,2.391272616,SF,18PF032,Routine_Statewide,2018,,
18PF033,6,Rappahannock River near Rt. 301 bridge,3-RPP080.19,6/5/2018,BLC,Blue Catfish,1,98,15200,38.17483333,-77.18851667,70.87548077,25.78001004,215.0669378,146.5927339,215.0669378,BLC,18PF033,Routine_Statewide,2018,,
18PF034,6,Rappahannock River near Rt. 301 bridge,3-RPP080.19,6/5/2018,BLC,Blue Catfish,10,40.7 - 51.2,690 - 1311,38.17483333,-77.18851667,78.27868909,6.299996166,3.129060122,2.207971254,3.129060122,BLC,18PF034,Routine_Statewide,2018,,
18PF035,6,Rappahannock River near Rt. 301 bridge,3-RPP080.19,6/5/2018,GSH,Gizzard Shad,11,35.1 - 39.6,370 - 564,38.17483333,-77.18851667,81.03448898,7.200002437,31.79512212,21.72840667,31.79512212,GSH,18PF035,Routine_Statewide,2018,,
18PF036,7,Rappahannock River near Devils Elbow near Bouy 52,3-RPP070.00,6/7/2018,LMB,Largemouth Bass,4,40.5 - 45.7,1056 - 1456,38.14243333,-77.07873333,80.06379604,3.799986735,26.0295772,17.52890733,26.0295772,LMB,18PF036,Routine_Statewide,2018,,
18PF036D,7,Rappahannock River near Devils Elbow near Bouy 52,3-RPP070.00,6/7/2018,LMB,Largemouth Bass,4,40.5 - 45.7,1056 - 1456,38.14243333,-77.07873333,80.06379604,4.320001462,28.8011693,19.5909089,28.8011693,LMB,18PF036D,Routine_Statewide,2018,,
18PF037,7,Rappahannock River near Devils Elbow near Bouy 52,3-RPP070.00,6/7/2018,C,Carp,2,73.7 - 76.7,6200 - 6900,38.14243333,-77.07873333,71.66609466,28.4399977,226.9584188,133.7076993,226.9584188,C,18PF037,Routine_Statewide,2018,,
18PF038,7,Rappahannock River near Devils Elbow near Bouy 52,3-RPP070.00,6/7/2018,WP,White Perch,11,18.1 - 24.1,84 - 221,38.14243333,-77.07873333,80.73836267,3.419995192,2.116476593,1.137592301,2.116476593,WP,18PF038,Routine_Statewide,2018,,
18PF039,7,Rappahannock River near Devils Elbow near Bouy 52,3-RPP070.00,6/7/2018,BLC,Blue Catfish,2,65.3 - 75.7,3118 - 4600,38.14243333,-77.07873333,79.80109155,11.50000142,513.0758557,318.3895362,513.0758557,BLC,18PF039,Routine_Statewide,2018,,
18PF040,7,Rappahannock River near Devils Elbow near Bouy 52,3-RPP070.00,6/7/2018,BLC,Blue Catfish,10,45.1 - 53.5,894 - 1364,38.14243333,-77.07873333,81.79505616,4.78000642,23.04170363,19.9498877,23.04170363,BLC,18PF040,Routine_Statewide,2018,,
18PF041,8,Rappahannock River near Rt. 622 Carters Wharf,3-RPP056.20,6/11/2018,WP,White Perch,4,16.4 - 20.4,61 - 130,38.07183333,-76.92666667,79.79058921,4.699993005,8.114018647,5.734218217,8.114018647,WP,18PF041,Routine_Statewide,2018,,
18PF042,8,Rappahannock River near Rt. 622 Carters Wharf,3-RPP056.20,6/11/2018,BLC,Blue Catfish,10,38.4 - 45.5,480 - 867,38.07183333,-76.92666667,81.73374832,6.240010262,17.12563181,12.69650622,17.12563181,BLC,18PF042,Routine_Statewide,2018,,
18PF060,14,Rappahannock River near Jones Point,3-RPP042.12,6/20/2018,WP,White Perch,15,17.9 - 23.7,89 - 227,37.9201,-76.82158333,79.86414433,6.87999709,0.978115378,0.638709342,0.978115378,WP,18PF060,Routine_Statewide,2018,,
18PF061,14,Rappahannock River near Jones Point,3-RPP042.12,6/20/2018,BLC,Blue Catfish,10,39.0 - 45.9,586 - 905,37.9201,-76.82158333,79.04085517,16.07999788,14.4805863,10.14443569,14.4805863,BLC,18PF061,Routine_Statewide,2018,,
18PF062,14,Rappahannock River near Jones Point,3-RPP042.12,6/20/2018,GSH,Gizzard Shad,11,36.0 - 45.7,362 - 847,37.9201,-76.82158333,81.04180098,10.89999685,28.81924589,19.52751374,28.81924589,GSH,18PF062,Routine_Statewide,2018,,
18PF063,14,Rappahannock River near Jones Point,3-RPP042.12,6/20/2018,STB,Striped Bass,2,44.8 - 45.7,829 - 927,37.9201,-76.82158333,79.52986509,4.08000953,33.13018152,32.80891814,33.13018152,STB,18PF063,Routine_Statewide,2018,,
18PF057,17,Rappahannock River near Tarpley Point,3-RPP029.40,6/19/2018,CRK,Croaker,8,21.0 - 28.1,102 - 315,37.7825,-76.65052,74.36351776,22.31998369,6.316630253,4.450749681,6.316630253,CRK,18PF057,Routine_Statewide,2018,,
18PF058,17,Rappahannock River near Tarpley Point,3-RPP029.40,6/19/2018,SPT,Spot,3,17.9 - 22.8,80 - 204,37.7825,-76.65052,75.13370365,23.48001115,2.523926504,1.657835978,2.523926504,SPT,18PF058,Routine_Statewide,2018,,
18PF059,17,Rappahannock River near Tarpley Point,3-RPP029.40,6/19/2018,BLC,Blue Catfish,10,42.5 - 45.1,733 - 939,37.7825,-76.65052,80.37197888,8.66000657,1.282604635,0.941752453,1.282604635,BLC,18PF059,Routine_Statewide,2018,,
18PF081,17,Rappahannock River near Tarpley Point,3-RPP029.40,7/1/2018,BCC,Blue Crab,10,10.9 - 14.9,85 - 173,37.7825,-76.65052,79.21760529,6.559991743,1.52730407,1.268765197,1.52730407,BCC,18PF081,Routine_Statewide,2018,,
18PF093,21,Rappahannock River near Rt. 3 bridge,3-RPP008.42,8/13/2018,CRK,Croaker,6,24.5 - 27.7,202 - 273,37.62291667,-76.42443333,73.09284508,23.0400078,4.716571358,3.058805371,4.716571358,CRK,18PF093,Routine_Statewide,2018,,
18PF094,21,Rappahannock River near Rt. 3 bridge,3-RPP008.42,8/13/2018,SPT,Spot,15,16.7 - 19.2,65 - 109,37.62291667,-76.42443333,75.78124404,18.47999054,1.811147627,1.33178939,1.811147627,SPT,18PF094,Routine_Statewide,2018,,
18PF095,21,Rappahannock River near Rt. 3 bridge,3-RPP008.42,8/13/2018,GSH,Gizzard Shad,10,32.3 - 41.8,379 - 668,37.62291667,-76.42443333,73.29294682,30.71999643,10.48980027,7.457944602,10.48980027,GSH,18PF095,Routine_Statewide,2018,,
18PF096,21,Rappahannock River near Rt. 3 bridge,3-RPP008.42,8/13/2018,BCC,Blue Crab,13,12.8 - 16.1,139 - 246,37.62291667,-76.42443333,82.24298358,4.619979882,0.729721103,0.459906725,0.729721103,BCC,18PF096,Routine_Statewide,2018,,
18PF049,11,Mount Landing Creek near Rt. 716,3-MTL004.82,6/14/2018,WP,White Perch,15,17.9 - 20.9,87 - 154,37.9624,-76.9365,79.68104184,5.700016045,0.895793644,0.589656166,0.895793644,WP,18PF049,Routine_Statewide,2018,,
18PF050,11,Mount Landing Creek near Rt. 716,3-MTL004.82,6/14/2018,GSH,Gizzard Shad,10,36.8 - 39.0,402 - 490,37.9624,-76.9365,81.44275844,5.220007733,33.39044643,24.7885777,33.39044643,GSH,18PF050,Routine_Statewide,2018,,
18PF051,11,Mount Landing Creek near Rt. 716,3-MTL004.82,6/14/2018,BLC,Blue Catfish,1,80,7600,37.9624,-76.9365,72.63016999,35.58001481,189.2133845,129.5414054,189.2133845,BLC,18PF051,Routine_Statewide,2018,,
18PF052,11,Mount Landing Creek near Rt. 716,3-MTL004.82,6/14/2018,BLC,Blue Catfish,6,42.5 - 53.5,732 - 1900,37.9624,-76.9365,82.24679679,5.920004915,12.41481674,8.936074837,12.41481674,BLC,18PF052,Routine_Statewide,2018,,
18PF043,12,Hoskins Creek nearSTP outfall,3-HOK002.74,6/12/2018,BLC,Blue Catfish,5,36.2 - 46.1,386 - 975,37.91016667,-76.87144444,81.54269904,4.78000642,2.996761934,2.054113024,2.996761934,BLC,18PF043,Routine_Statewide,2018,,
18PF044,12,Hoskins Creek near Rt. 659 bridge,3-HOK003.61,6/14/2018,WP,White Perch,8,14.6 - 15.8,46 - 63,37.90833333,-76.88325,80.19624352,4.099989019,0.878912196,0.631937869,0.878912196,WP,18PF044,Routine_Statewide,2018,,
18PF045,12,Hoskins Creek near Rt. 659 bridge,3-HOK003.61,6/14/2018,GSH,Gizzard Shad,10,36.0 - 39.2,344 - 507,37.90833333,-76.88325,82.2131604,5.780005595,24.03790667,16.63176224,24.03790667,GSH,18PF045,Routine_Statewide,2018,,
18PF046,12,Hoskins Creek near Rt. 659 bridge,3-HOK003.61,6/14/2018,BRB,Brown Bullhead Catfish,6,24.1 - 31.0,225 - 475,37.90833333,-76.88325,82.62176961,2.940011036,1.16835503,0.724672207,1.16835503,BRB,18PF046,Routine_Statewide,2018,,
18PF053,13,Piscataway Creek near Rt. 17 ,3-PIS004.79,6/18/2018,LMB,Largemouth Bass,10,30.9 - 37.2,424 - 727,37.87141667,-76.84621667,79.75334376,2.479982504,0,0,0,LMB,18PF053,Routine_Statewide,2018,,
18PF054,13,Piscataway Creek near Rt. 17 ,3-PIS004.79,6/18/2018,GSH,Gizzard Shad,10,35.0 - 40.5,328 - 609,37.87141667,-76.84621667,81.70005828,5.239987513,28.99167691,22.8908481,28.99167691,GSH,18PF054,Routine_Statewide,2018,,
18PF055,13,Piscataway Creek near Rt. 17 ,3-PIS004.79,6/18/2018,WP,White Perch,6,16.4 - 19.8,59 - 117,37.87141667,-76.84621667,79.25194651,6.659984356,0.999643553,0.666012517,0.999643553,WP,18PF055,Routine_Statewide,2018,,
18PF056,13,Piscataway Creek near Rt. 17 ,3-PIS004.79,6/18/2018,BLC,Blue Catfish,10,39.2 - 45.0,546 - 883,37.87141667,-76.84621667,80.97296655,8.039998938,2.119222553,1.482396176,2.119222553,BLC,18PF056,Routine_Statewide,2018,,
18PF047,16,Totuskey Creek near Rt. 3 bridge,3-TOT005.11,6/13/2018,GSH,Gizzard Shad,8,29.9 - 42.1,226 - 817,37.92375,-76.72045,85.41996628,6.159996847,6.855370652,4.669401599,6.855370652,GSH,18PF047,Routine_Statewide,2018,,
18PF048,16,Totuskey Creek near Rt. 3 bridge,3-TOT005.11,6/13/2018,BLC,Blue Catfish,10,37.5 - 46.3,462 - 965,37.92375,-76.72045,81.77214712,5.49998309,2.057579905,1.405185179,2.057579905,BLC,18PF048,Routine_Statewide,2018,,
18PF048D,16,Totuskey Creek near Rt. 3 bridge,3-TOT005.11,6/13/2018,BLC,Blue Catfish,10,37.5 - 46.3,462 - 965,37.92375,-76.72045,81.77214712,5.520010018,1.483945576,0.98867874,1.483945576,BLC,18PF048D,Routine_Statewide,2018,,
18PF117,18,Urbanna Creek near Urbanna,3-URB000.00,8/22/2018,BCC,Blue Crab,15,12.5 - 16.6,121 - 282,37.64098333,-76.56773333,82.37314522,4.159998789,2.344641904,1.618497806,2.344641904,BCC,18PF117,Routine_Statewide,2018,,
18PF118,18,Urbanna Creek near Urbanna,3-URB000.00,8/22/2018,SPT,Spot,15,16.4 - 18.9,56 - 87,37.64098333,-76.56773333,76.46598369,16.00000891,5.523491251,3.769208052,5.523491251,SPT,18PF118,Routine_Statewide,2018,,
18PF119,18,Urbanna Creek near Urbanna,3-URB000.00,8/22/2018,CRK,Croaker,10,23.5 - 29.2,181 - 335,37.64098333,-76.56773333,72.30291069,25.859999,22.93366735,15.80479008,22.93366735,CRK,18PF119,Routine_Statewide,2018,,
18PF120,18,Urbanna Creek near Urbanna,3-URB000.00,8/22/2018,GSH,Gizzard Shad,10,37.9 - 42.6,556 - 967,37.64098333,-76.56773333,69.96239126,38.4200085,99.8618574,63.26671341,99.8618574,GSH,18PF120,Routine_Statewide,2018,,
18PF064,19,Corrotoman River near Millenbeck,3-CRR001.38,6/25/2018,GSH,Gizzard Shad,10,37.7 - 42.2,465 - 787,37.66556667,-76.47913333,80.64777851,12.66000327,95.95844319,66.0696453,95.95844319,GSH,18PF064,Routine_Statewide,2018,,
18PF065,19,Corrotoman River near Millenbeck,3-CRR001.38,6/25/2018,CRK,Croaker,4,18.4 - 20.5,71 - 99,37.66556667,-76.47913333,76.36545748,18.82000011,5.954553151,4.285651596,5.954553151,CRK,18PF065,Routine_Statewide,2018,,
18PF067,20,Carter Creek near Weems,3-CTR000.19,8/14/2018,BCC,Blue Crab,15,12.2 - 15.6,105 - 216,37.65258333,-76.44036667,83.39468241,5.960011622,2.740423855,1.876732994,2.740423855,BCC,18PF067,Routine_Statewide,2018,,
18PF067D,20,Carter Creek near Weems,3-CTR000.19,8/14/2018,BCC,Blue Crab,15,12.2 - 15.6,105 - 216,37.65258333,-76.44036667,83.39468241,5.380010698,3.297134147,2.602385373,3.297134147,BCC,18PF067D,Routine_Statewide,2018,,
18PF097,20,Carter Creek near Weems,3-CTR000.19,8/14/2018,GSH,Gizzard Shad,10,34.7 - 43.4,459 - 904,37.65258333,-76.44036667,66.49975479,41.78002011,62.57792342,52.4198437,62.57792342,GSH,18PF097,Routine_Statewide,2018,,
18PF098,20,Carter Creek near Weems,3-CTR000.19,8/14/2018,WP,White Perch,11,18.3 - 21.8,83 - 163,37.65258333,-76.44036667,78.6865592,6.159996847,2.107675935,1.543519383,2.107675935,WP,18PF098,Routine_Statewide,2018,,
18PF099,20,Carter Creek near Weems,3-CTR000.19,8/14/2018,SPT,Spot,11,15.5 18.8,46 - 90,37.65258333,-76.44036667,77.84497589,11.58001367,1.860786235,1.322654939,1.860786235,SPT,18PF099,Routine_Statewide,2018,,
18PF100,20,Carter Creek near Weems,3-CTR000.19,8/14/2018,CRK,Croaker,4,22.7 - 26.0,170 - 220,37.65258333,-76.44036667,71.91617191,26.37999132,7.993197812,5.78639194,7.993197812,CRK,18PF100,Routine_Statewide,2018,,
18PF086,23,Upper Machodoc Creek near Rt. 218 bridge,1AUMC004.43,8/7/2018,WP,White Perch,10,15.1 - 20.5,54 - 121,38.28866667,-77.05926667,79.82088476,3.699994122,1.175280191,0.899383166,1.175280191,WP,18PF086,Routine_Statewide,2018,,
18PF087,23,Upper Machodoc Creek near Rt. 218 bridge,1AUMC004.43,8/7/2018,GSH,Gizzard Shad,10,36.5 - 45.6,481 - 997,38.28866667,-77.05926667,78.32783461,16.2600039,67.61375801,52.02815074,67.61375801,GSH,18PF087,Routine_Statewide,2018,,
18PF088,22,Upper Machodoc Creek near Williams Creek,1AUMC001.36,8/6/2018,BLC,Blue Catfish,3,42.1 - 56.2,875 - 1792,38.32083333,-77.05221667,79.76061851,13.5999918,34.3357132,33.21808727,34.3357132,BLC,18PF088,Routine_Statewide,2018,,
18PF066,22,Upper Machodoc Creek near Williams Creek,1AUMC001.36,8/6/2018,WP,White Perch,14,16.4 - 19.0,64 - 97,38.32083333,-77.05221667,79.8971951,7.380008465,30.65770694,22.8635231,30.65770694,WP,18PF066,Routine_Statewide,2018,,
18PF089,22,Upper Machodoc Creek near Williams Creek,1AUMC001.36,8/6/2018,WP,White Perch,15,18.9 - 24.0,99 - 239,38.32083333,-77.05221667,80.16776145,4.159998789,6.437608963,4.871392756,6.437608963,WP,18PF089,Routine_Statewide,2018,,
18PF090,22,Upper Machodoc Creek near Williams Creek,1AUMC001.36,8/6/2018,GSH,Gizzard Shad,10,34.6 - 39.9,440 - 555,38.32083333,-77.05221667,78.43260616,11.47999777,58.35908167,45.64393828,58.35908167,GSH,18PF090,Routine_Statewide,2018,,
18PF091,22,Upper Machodoc Creek near Williams Creek,1AUMC001.36,8/6/2018,SPT,Spot,4,14.4 - 17.3,43 - 77,38.32083333,-77.05221667,79.15409058,8.739996119,8.494512831,5.945670284,8.494512831,SPT,18PF091,Routine_Statewide,2018,,
18PF092,22,Upper Machodoc Creek near Williams Creek,1AUMC001.36,8/6/2018,BCC,Blue Crab,9,10.5 - 15.1,74 - 189,38.32083333,-77.05221667,79.21895385,5.879998207,6.444126837,4.378982045,6.444126837,BCC,18PF092,Routine_Statewide,2018,,
18PF068,24,Monroe Creek,1AMON002.49,6/26/2018,WP,White Perch,15,19.9 - 25.2,114 - 247,38.24956667,-76.9687,80.52632362,7.280015852,15.76256735,13.79456814,15.76256735,WP,18PF068,Routine_Statewide,2018,,
18PF069,24,Monroe Creek,1AMON002.49,6/26/2018,BLC,Blue Catfish,8,41.5 - 55.1,750 - 1857,38.24956667,-76.9687,78.89829725,20.41997854,94.39491651,71.20347559,94.39491651,BLC,18PF069,Routine_Statewide,2018,,
18PF070,24,Monroe Creek,1AMON002.49,6/26/2018,GSH,Gizzard Shad,10,41.4 - 43.4,587 - 896,38.24956667,-76.9687,72.98170924,30.39998934,219.7719552,142.2215807,219.7719552,GSH,18PF070,Routine_Statewide,2018,,
18PF071,24,Monroe Creek,1AMON002.49,6/26/2018,STB,Striped Bass,2,43.2 - 45.4,781 - 954,38.24956667,-76.9687,80.54555357,3.280019737,57.08797758,40.35124553,57.08797758,STB,18PF071,Routine_Statewide,2018,,
18PF072,24,Monroe Creek,1AMON002.49,6/26/2018,BCC,Blue Crab,4,14.4 - 16.3,164 - 195,38.24956667,-76.9687,77.82139331,9.840012062,19.33358058,14.87253007,19.33358058,BCC,18PF072,Routine_Statewide,2018,,
18PF111,25,Nomini Creek at Buoy 8 - Off Hickory Point,1ANOM002.91,8/21/2018,BCC,Blue Crab,11,13.1 - 19.2,128 - 335,38.12333333,-76.71805556,80.74127734,5.180001026,1.079631844,0.727401955,1.079631844,BCC,18PF111,Routine_Statewide,2018,,
18PF112,25,Nomini Creek at Buoy 8 - Off Hickory Point,1ANOM002.91,8/21/2018,BLC,Blue Catfish,3,47.3 - 57.3,1142 - 2030,38.12333333,-76.71805556,77.9598251,19.17998772,59.75849692,40.28194606,59.75849692,BLC,18PF112,Routine_Statewide,2018,,
18PF113,25,Nomini Creek at Buoy 8 - Off Hickory Point,1ANOM002.91,8/21/2018,WP,White Perch,15,17.4 - 21.5,77 - 138,38.12333333,-76.71805556,77.27272809,15.17999219,15.579693,11.13863597,15.579693,WP,18PF113,Routine_Statewide,2018,,
18PF114,25,Nomini Creek at Buoy 8 - Off Hickory Point,1ANOM002.91,8/21/2018,GSH,Gizzard Shad,10,34.2 - 39.4,427 - 664,38.12333333,-76.71805556,74.52667952,26.99999837,53.19355326,27.64976099,53.19355326,GSH,18PF114,Routine_Statewide,2018,,
18PF115,25,Nomini Creek at Buoy 8 - Off Hickory Point,1ANOM002.91,8/21/2018,CRK,Croaker,7,26.8 - 31.4,262 - 480,38.12333333,-76.71805556,70.71665525,27.85999794,18.80508259,12.75406797,18.80508259,CRK,18PF115,Routine_Statewide,2018,,
18PF116,25,Nomini Creek at Buoy 8 - Off Hickory Point,1ANOM002.91,8/21/2018,SPT,Spot,15,16.9 - 20.6,63 - 125,38.12333333,-76.71805556,75.00000447,21.21999161,6.700639775,4.614499175,6.700639775,SPT,18PF116,Routine_Statewide,2018,,
18PF073,26,Yeocomico River Off Buoy 3,1AYEO001.15,6/27/2018,BCC,Blue Crab,12,15.3 - 17.7,177 - 278,38.03138889,-76.53833333,82.5932458,6.699991063,2.331630606,1.601247318,2.331630606,BCC,18PF073,Routine_Statewide,2018,,
18PF074,26,Yeocomico River Off Buoy 3,1AYEO001.15,6/27/2018,BCC,Blue Crab,13,12.6 - 15.8,109 - 199,38.03138889,-76.53833333,83.01302344,6.699991063,2.562620573,1.799600297,2.562620573,BCC,18PF074,Routine_Statewide,2018,,
18PF075,26,Yeocomico River Off Buoy 3,1AYEO001.15,6/27/2018,GSH,Gizzard Shad,5,34.8 - 42.5,445 - 732,38.03138889,-76.53833333,76.19047761,24.49998865,85.91103316,67.08356743,85.91103316,GSH,18PF075,Routine_Statewide,2018,,
18PF076,26,Yeocomico River Off Buoy 3,1AYEO001.15,6/27/2018,ATM,Atlantic Menhaden,10,28.2 - 33.5,262 - 356,38.03138889,-76.53833333,73.32977057,18.60001124,28.44651427,19.99493771,28.44651427,ATM,18PF076,Routine_Statewide,2018,,
18PF082,26,Yeocomico River Off Buoy 3,1AYEO001.15,7/19/2018,SPT,Spot,15,14.7 - 16.8,46 - 77,38.03138889,-76.53833333,78.13990265,11.26000891,0.924547067,0.781935682,0.924547067,SPT,18PF082,Routine_Statewide,2018,,
18PF104,27,Coan River near Coan,1ACOA004.24,8/16/2018,GSH,Gizzard Shad,10,36.5 - 38.7,458 - 809,37.9574,-76.48255,69.42974925,38.00001228,56.04948399,38.76582927,56.04948399,GSH,18PF104,Routine_Statewide,2018,,
18PF105,27,Coan River near Coan,1ACOA004.24,8/16/2018,WP,White Perch,2,21.7 - 24.0,150 - 195,37.9574,-76.48255,75.78838915,9.9800108,2.918111897,2.143453909,2.918111897,WP,18PF105,Routine_Statewide,2018,,
18PF106,27,Coan River near Coan,1ACOA004.24,8/16/2018,CRK,Croaker,2,27.3 - 33.6,290 - 502,37.9574,-76.48255,70.29644251,25.49998695,6.381057513,4.525634019,6.381057513,CRK,18PF106,Routine_Statewide,2018,,
18PF107,27,Coan River near Coan,1ACOA004.24,8/16/2018,SPT,Spot,15,17.3 - 19.3,72 - 101,37.9574,-76.48255,74.82993305,18.75998918,2.18182561,1.521530547,2.18182561,SPT,18PF107,Routine_Statewide,2018,,
18PF108,15,Little Wicomico River near Sawmill Cove,1ALIS005.38,8/20/2018,SPT,Spot,15,16.7 - 18.7,61 - 91,37.91044,-76.31228,75.60454011,17.70000439,0.99652821,0.692587106,0.99652821,SPT,18PF108,Routine_Statewide,2018,,
18PF109,15,Little Wicomico River near Sawmill Cove,1ALIS005.38,8/20/2018,BCC,Blue Crab,12,11.3 - 15.1,84 - 205,37.91044,-76.31228,81.69013858,3.979992762,0,0,0,BCC,18PF109,Routine_Statewide,2018,,
18PF110,15,Little Wicomico River near Sawmill Cove,1ALIS005.38,8/20/2018,GSH,Gizzard Shad,10,35.2 - 38.5,494 - 657,37.91044,-76.31228,67.48329997,41.8400066,39.10697088,27.06234877,39.10697088,GSH,18PF110,Routine_Statewide,2018,,
18PF014,10,Gardys Millpond near dam,1AHAM003.08,5/24/2018,LMB,Largemouth Bass,4,42.1 - 44.3,958 - 1220,38.001472,-76.6031389,80.91268092,2.480006078,1.123416029,0.677981574,1.123416029,LMB,18PF014,Routine_Statewide,2018,,
18PF015,10,Gardys Millpond near dam,1AHAM003.08,5/24/2018,BGS,Bluegill Sunfish,10,15.1 - 20.3,60 - 157,38.001472,-76.6031389,81.98043108,2.880000975,0.929615903,0.570319356,0.929615903,BGS,18PF015,Routine_Statewide,2018,,
18PF016,10,Gardys Millpond near dam,1AHAM003.08,5/24/2018,GSH,Gizzard Shad,5,38.1 - 41.2,468 - 699,38.001472,-76.6031389,80.66089898,10.9200005,1.452315957,0.764281272,1.452315957,GSH,18PF016,Routine_Statewide,2018,,
18PF125,1,Briery Creek Reservoir,2-BRI010.58,9/18/2018,LMB,Largemouth Bass,5,36.3 - 43.5,773 - 959,37.20388333,-78.44221667,78.63984257,4.38,0.44099468,0.563480953,0.44099468,LMB,18PF125,Routine_Statewide,2018,,
18PF126,1,Briery Creek Reservoir,2-BRI010.58,9/18/2018,RES,Redear Sunfish,5,29.1 - 31.2,399 - 617,37.20388333,-78.44221667,79.51405346,2.24,0,0,0,RES,18PF126,Routine_Statewide,2018,,
18PF126D,1,Briery Creek Reservoir,2-BRI010.58,9/18/2018,RES,Redear Sunfish,5,29.1 - 31.2,399 - 617,37.20388333,-78.44221667,79.51405346,4.959988873,0,0,0,RES,18PF126D,Routine_Statewide,2018,,
18PF127,1,Briery Creek Reservoir,2-BRI010.58,9/18/2018,BGS,Bluegill Sunfish,8,16.6 - 20.5,89 - 194,37.20388333,-78.44221667,78.91655415,2.900004329,0,0,0,BGS,18PF127,Routine_Statewide,2018,,
18PF128,2,Sandy River Reservoir near Dam Marrowbone Creek,2-SDY004.27,9/19/2018,LMB,Largemouth Bass,4,35.5 - 42.0,593 - 1097,37.25888333,-78.31778333,77.88317949,3.299999225,0,0,0,LMB,18PF128,Routine_Statewide,2018,,
18PF129,2,Sandy River Reservoir near Dam Marrowbone Creek,2-SDY004.27,9/19/2018,RES,Redear Sunfish,6,19.5 - 24.7,123 - 215,37.25888333,-78.31778333,79.56989706,2.419996308,0,0,0,RES,18PF129,Routine_Statewide,2018,,
18PF130,2,Sandy River Reservoir near Dam Marrowbone Creek,2-SDY004.27,9/19/2018,BGS,Bluegill Sunfish,11,16.4 - 20.1,76 - 144,37.25888333,-78.31778333,80.53691238,3.279995872,0,0,0,BGS,18PF130,Routine_Statewide,2018,,
18PF131,33,Rivanna River near Riverview Park off East Market Street at Dam,2-RVN037.54,10/25/2018,AME,American Eel,3,46.5 - 48.0,138 - 238,38.02083333,-78.455,62.84061968,51.49998702,8.939515237,7.047276477,8.939515237,AME,18PF131,Routine_Statewide,2018,,
18PF132,33,Rivanna River near Riverview Park off East Market Street at Dam,2-RVN037.54,10/25/2018,AME,American Eel,3,41.8 - 46.0,136 - 184,38.02083333,-78.455,65.88868797,40.47999159,6.806889728,4.772172553,6.806889728,AME,18PF132,Routine_Statewide,2018,,
18PF133,33,Rivanna River near Riverview Park off East Market Street at Dam,2-RVN037.54,10/25/2018,RBS,Redbreast Sunfish,10,11.5 - 14.5,27 - 58,38.02083333,-78.455,79.85308617,3.10001371,0,0,0,RBS,18PF133,Routine_Statewide,2018,,
18PF134,33,Rivanna River near Riverview Park off East Market Street at Dam,2-RVN037.54,10/25/2018,BKS,Black Crappie,2,17.3 - 20.0,63 - 109,38.02083333,-78.455,80.37228435,2.719998301,0.715170007,0.515816367,0.715170007,BKS,18PF134,Routine_Statewide,2018,,
18PF135,34,Rivanna River near Rt. 600 bridge at Boat Launch,2-RVN023.01,10/24/2018,SMB,Smallmouth Bass,2,32.3 - 34.7,402 - 502,37.91833333,-78.29777778,78.50549668,4.579997039,3.406869696,2.350423938,3.406869696,SMB,18PF135,Routine_Statewide,2018,,
18PF136,34,Rivanna River near Rt. 600 bridge at Boat Launch,2-RVN023.01,10/24/2018,LMB,Largemouth Bass,1,44.2,1159,37.91833333,-78.29777778,78.31379473,2.900004329,0,0,0,LMB,18PF136,Routine_Statewide,2018,,
18PF137,34,Rivanna River near Rt. 600 bridge at Boat Launch,2-RVN023.01,10/24/2018,LMB,Largemouth Bass,1,39,982,37.91833333,-78.29777778,75.77989995,4.079985665,0,0,0,LMB,18PF137,Routine_Statewide,2018,,
18PF138,34,Rivanna River near Rt. 600 bridge at Boat Launch,2-RVN023.01,10/24/2018,GSH,Gizzard Shad,7,31.9 - 38.0,318 - 488,37.91833333,-78.29777778,80.26315719,10.58001537,15.3292817,10.6786188,15.3292817,GSH,18PF138,Routine_Statewide,2018,,
18PF139,34,Rivanna River near Rt. 600 bridge at Boat Launch,2-RVN023.01,10/24/2018,GSH,Gizzard Shad,7,30.8 - 34.3,265 - 408,37.91833333,-78.29777778,79.31241542,9.820008418,31.5034425,22.36452018,31.5034425,GSH,18PF139,Routine_Statewide,2018,,
18PF140,34,Rivanna River near Rt. 600 bridge at Boat Launch,2-RVN023.01,10/24/2018,RBS,Redbreast Sunfish,3,13.6 - 13.9,46 - 56,37.91833333,-78.29777778,78.90108526,3.66001128,0,0,0,RBS,18PF140,Routine_Statewide,2018,,
18PF083,28,Harrison Lake (Herring Creek),2-HEC006.22,8/8/2018,LMB,Largemouth Bass,4,27.1 - 31.4,239 - 351,37.34661667,-77.18375,79.35942113,2.060008119,0,0,0,LMB,18PF083,Routine_Statewide,2018,,
18PF084,28,Harrison Lake (Herring Creek),2-HEC006.22,8/8/2018,RES,Redear Sunfish,8,16.9 - 20.1,79 - 137,37.34661667,-77.18375,80.54124713,2.059984254,0,0,0,RES,18PF084,Routine_Statewide,2018,,
18PF084D,28,Harrison Lake (Herring Creek),2-HEC006.22,8/8/2018,RES,Redear Sunfish,8,16.9 - 20.1,79 - 137,37.34661667,-77.18375,80.54124713,1.999998058,0,0,0,RES,18PF084D,Routine_Statewide,2018,,
18PF085,28,Harrison Lake (Herring Creek),2-HEC006.22,8/8/2018,GSH,Gizzard Shad,5,26.8 - 34.0,173 - 392,37.34661667,-77.18375,78.76944244,8.700013277,0.75919093,0.583628027,0.75919093,GSH,18PF085,Routine_Statewide,2018,,
18PF011,29,Chickahominy River near Chickahominy Lake,2-CHK029.18,5/23/2018,LMB,Largemouth Bass,5,38.7 - 43.7,797 - 1193,37.4145,-77.00378333,80.89398146,2.600002335,3.03729197,2.049693669,3.03729197,LMB,18PF011,Routine_Statewide,2018,,
18PF011D,29,Chickahominy River near Chickahominy Lake,2-CHK029.18,5/23/2018,LMB,Largemouth Bass,5,38.7 - 43.7,797 - 1193,37.4145,-77.00378333,80.89398146,2.579998982,2.863626251,1.866084831,2.863626251,LMB,18PF011D,Routine_Statewide,2018,,
18PF012,29,Chickahominy River near Chickahominy Lake,2-CHK029.18,5/23/2018,BGS,Bluegill Sunfish,7,14.9 - 19.7,80 - 184,37.4145,-77.00378333,80.81534803,5.519986153,0.797093244,0.519904068,0.797093244,BGS,18PF012,Routine_Statewide,2018,,
18PF013,29,Chickahominy River near Chickahominy Lake,2-CHK029.18,5/23/2018,GSH,Gizzard Shad,5,28.5 - 33.0,210 - 252,37.4145,-77.00378333,82.8043431,3.819990088,2.516121977,1.725756126,2.516121977,GSH,18PF013,Routine_Statewide,2018,,
18PF007,30,Diascund Creek Reservoir,2-DSC007.54,5/21/2018,LMB,Largemouth Bass,6,35.5 - 42.8,577 - 1009,37.43333333,-76.92388333,80.14571369,4.040002823,6.9976731,4.496598764,6.9976731,LMB,18PF007,Routine_Statewide,2018,,
18PF008,30,Diascund Creek Reservoir,2-DSC007.54,5/21/2018,RES,Redear Sunfish,11,17.5 - 21.5,95 - 214,37.43333333,-76.92388333,80.4890722,2.300000197,0.799695471,0.494211801,0.799695471,RES,18PF008,Routine_Statewide,2018,,
18PF009,30,Diascund Creek Reservoir,2-DSC007.54,5/21/2018,BGS,Bluegill Sunfish,9,15.3 - 19.7,75 - 182,37.43333333,-76.92388333,80.76923043,3.939986345,3.356994056,2.103846191,3.356994056,BGS,18PF009,Routine_Statewide,2018,,
18PF010,30,Diascund Creek Reservoir,2-DSC007.54,5/21/2018,YP,Yellow Perch,8,18.2 - 22.4,79 - 125,37.43333333,-76.92388333,79.74543273,2.379989601,0.601567392,0.406509165,0.601567392,YP,18PF010,Routine_Statewide,2018,,
18PF004,31,Little Creek Reservoir,2-LTL001.20,5/8/2018,BRB,Brown Bullhead Catfish,2,27.2 - 32.1,352 - 533,37.35138333,-76.84138333,81.02711886,6.979990285,0,0,0,BRB,18PF004,Routine_Statewide,2018,,
18PF005,31,Little Creek Reservoir,2-LTL001.20,5/8/2018,BGS,Bluegill Sunfish,15,14.6 - 17.7,61 - 121,37.35138333,-76.84138333,80.91914505,3.340005933,0,0,0,BGS,18PF005,Routine_Statewide,2018,,
18PF006,31,Little Creek Reservoir,2-LTL001.20,5/8/2018,LMB,Largemouth Bass,4,37.5 - 43.0,769 - 1180,37.35138333,-76.84138333,80.34934253,3.340005933,1.790178611,1.183755606,1.790178611,LMB,18PF006,Routine_Statewide,2018,,
18PF017,32,Newport News/Lee Hall Reservoir near Rt. 143 bridge,2-WWK012.41,5/29/2018,LMB,Largemouth Bass,8,32.7 - 41.9,496 - 1101,37.18553333,-76.5566,67.12760031,2.819991205,2.604112693,1.466766474,2.604112693,LMB,18PF017,Routine_Statewide,2018,,
18PF018,32,Newport News/Lee Hall Reservoir near Rt. 143 bridge,2-WWK012.41,5/29/2018,BGS,Bluegill Sunfish,10,12.9 - 16.9,36 - 99,37.18553333,-76.5566,81.11837506,3.519988095,1.361664408,0.84627443,1.361664408,BGS,18PF018,Routine_Statewide,2018,,
18PF019,32,Newport News/Lee Hall Reservoir near Rt. 143 bridge,2-WWK012.41,5/29/2018,C,Carp,1,80.3,7300,37.18553333,-76.5566,75.8565098,14.52000113,40.98398394,34.07467345,40.98398394,C,18PF019,Routine_Statewide,2018,,
18PF020,32,Newport News/Lee Hall Reservoir near Rt. 143 bridge,2-WWK012.41,5/29/2018,BRB,Brown Bullhead Catfish,5,24.1 - 33.2,181 - 539,37.18553333,-76.5566,83.31933469,3.039980074,3.011069615,2.059228133,3.011069615,BRB,18PF020,Routine_Statewide,2018,,
18PF077,36,Occoquan River - Belmont Bay (mid embayment),1AOCC002.47,5/2/2018,NSH,Northern Snakehead fish,4,71.1 - 72.4,3355 - 3781,38.64038889,-77.21941667,77.75434405,5.999994464,38.24610476,28.42905848,38.24610476,NSH,18PF077,Routine_Statewide,2018,,
18PF078,36,Occoquan River - Belmont Bay (mid embayment),1AOCC002.47,5/2/2018,NSH,Northern Snakehead fish,4,52.0 - 57.0,1142 - 1570,38.64038889,-77.21941667,78.23833525,15.3800007,24.35516448,17.10205709,24.35516448,NSH,18PF078,Routine_Statewide,2018,,
18PF079,37,Aquia Creek downstream from railroad bridge (mid embayment),1AAUA003.00,5/10/2018,NSH,Northern Snakehead fish,3,71.2 - 72.1,3142 - 3615,38.41634167,-77.345605,78.67687494,3.779983381,18.32197778,13.23249172,18.32197778,NSH,18PF079,Routine_Statewide,2018,,
18PF080,37,Aquia Creek downstream from railroad bridge (mid embayment),1AAUA003.00,5/10/2018,NSH,Northern Snakehead fish,3,65.2 - 68.5,2590 - 3200,38.41634167,-77.345605,78.66005003,3.74000083,10.85548589,8.449766588,10.85548589,NSH,18PF080,Routine_Statewide,2018,,
18PF121,38,"Nottoway River near Monroe Bridge, Rt. 684",5ANTW011.18,8/22/2018,BLC,Blue catfish,1,82.7,8300,36.61694444,-76.9975,78.31924111,15.28000808,53.52540677,35.38169767,53.52540677,BLC,18PF121,Routine_Statewide,2018,,
18PF122,38,"Nottoway River near Monroe Bridge, Rt. 684",5ANTW011.18,8/22/2018,BLC,Blue catfish,5,47.7 - 56.4,1065 - 2087,36.61694444,-76.9975,80.14007807,6.200003554,2.540811688,1.52385181,2.540811688,BLC,18PF122,Routine_Statewide,2018,,
18PF123,38,"Nottoway River near Jeff's Fishing Hole, Point Beach",5ANTW005.07,8/22/2018,BLC,Blue catfish,1,77.2,5900,36.5775,-76.9575,77.89474875,16.6400196,55.18958666,36.8817275,55.18958666,BLC,18PF123,Routine_Statewide,2018,,
18PF124,38,"Nottoway River near Mussel Curve, Point Beach",5ANTW005.07,8/22/2018,BLC,Blue catfish,1,102,14900,36.5775,-76.9575,80.73853403,6.800007541,118.7926123,82.81910306,118.7926123,BLC,18PF124,Routine_Statewide,2018,,
18NF238,1,Dan River near NC-VA State Line at Rt. 880 bridge,4ADAN075.22,10/25/2018,SMB,Smallmouth Bass,2,27.5 - 28.5,270 - 310,36.54166667,-79.60516667,77.96851695,3.379988775,0.599833623,0.586037449,0.599833623,SMB,18NF238,DAN_ROANOKE,2018,,
18NF239,1,Dan River near NC-VA State Line at Rt. 880 bridge,4ADAN075.22,10/25/2018,RBS,Redbreast Sunfish,9,16.0 - 18.0,70 - 120,36.54166667,-79.60516667,79.47784811,3.199982748,0,0,0,RBS,18NF239,DAN_ROANOKE,2018,,
18NF240,1,Dan River near NC-VA State Line at Rt. 880 bridge,4ADAN075.22,10/25/2018,GRH,Golden Redhorse Sucker,10,32.0 - 35.0,320 - 460,36.54166667,-79.60516667,79.95856553,4.240012204,0.412217446,0.446122331,0.412217446,GRH,18NF240,DAN_ROANOKE,2018,,
18NF221,2,Dan River above Schoolfield Dam,4ADAN060.16,10/9/2018,LMB,Largemouth Bass,2,41.6 - 48.5,1028 - 1762,36.5747333,-79.435333,78.53132784,3.500008606,0.880134194,0.812803928,0.880134194,LMB,18NF221,DAN_ROANOKE,2018,,
18NF222,2,Dan River above Schoolfield Dam,4ADAN060.16,10/9/2018,BGS,Bluegill Sunfish,7,14.6 - 18.8,48 - 110,36.5747333,-79.435333,80.69909364,2.740001655,0.807374672,0.864294587,0.807374672,BGS,18NF222,DAN_ROANOKE,2018,,
18NF224,2,Dan River above Schoolfield Dam,4ADAN060.16,10/9/2018,RBS,Redbreast Sunfish,8,14.5 - 18.9,50 - 109,36.5747333,-79.435333,80.89172095,2.620005689,0.414388995,0.385796154,0.414388995,RBS,18NF224,DAN_ROANOKE,2018,,
18NF225,2,Dan River above Schoolfield Dam,4ADAN060.16,10/9/2018,GRH,Golden Redhorse Sucker,9,33.7 - 39.7,321 - 572,36.5747333,-79.435333,80.68669438,3.319978714,0.600924223,0.58770389,0.600924223,GRH,18NF225,DAN_ROANOKE,2018,,
18NF226,2,Dan River above Schoolfield Dam,4ADAN060.16,10/9/2018,C,Carp,3,62.5 - 67.0,2540 - 3173,36.5747333,-79.435333,75.35954416,18.23999919,13.67809703,13.42880203,13.67809703,C,18NF226,DAN_ROANOKE,2018,,
18NF228,4,Dan River near Anglers Park below city of Danville,4ADAN054.03,10/10/2018,GRH,Golden Redhorse Sucker,5,45.2 - 52.5,1031 - 1674,36.55838333,-79.35716667,78.14870477,13.14001041,98.41002671,84.33223328,98.41002671,GRH,18NF228,DAN_ROANOKE,2018,,
18NF229,4,Dan River near Anglers Park below city of Danville,4ADAN054.03,10/10/2018,C,Carp,3,72.2 - 75.4,5500 - 6300,36.55838333,-79.35716667,77.08538473,7.300019497,20.10938578,17.51868167,20.10938578,C,18NF229,DAN_ROANOKE,2018,,
18NF230,4,Dan River near Anglers Park below city of Danville,4ADAN054.03,10/10/2018,C,Carp,3,66.3 - 68.6,3514 - 4300,36.55838333,-79.35716667,76.41955167,9.439992718,10.29551523,8.557344699,10.29551523,C,18NF230,DAN_ROANOKE,2018,,
18NF231,4,Dan River near Anglers Park below city of Danville,4ADAN054.03,10/10/2018,BLC,Blue Catfish,3,62.2 - 76.2,2395 - 6000,36.55838333,-79.35716667,79.4895187,8.619999862,58.76783703,48.19347791,58.76783703,BLC,18NF231,DAN_ROANOKE,2018,,
18NF232,4,Dan River near Anglers Park below city of Danville,4ADAN054.03,10/10/2018,CHC,Channel Catfish,5,53.0 - 55.9,1230 - 1675,36.55838333,-79.35716667,78.57472599,10.03999729,15.83773903,13.58833729,15.83773903,CHC,18NF232,DAN_ROANOKE,2018,,
18NF198,5,Dan River below South Boston near public boat ramp,4ADAN015.30,9/4/2018,SMB,Smallmouth Bass,1,41.8,1025,36.69468333,-78.88218333,76.70011818,5.579995923,44.95346304,38.85418392,44.95346304,SMB,18NF198,DAN_ROANOKE,2018,,
18NF199,5,Dan River below South Boston near public boat ramp,4ADAN015.30,9/4/2018,C,Carp,3,65.6 - 74.0,4030 - 5650,36.69468333,-78.88218333,75.91776103,13.80000147,16.99566317,16.00650096,16.99566317,C,18NF199,DAN_ROANOKE,2018,,
18NF200,5,Dan River below South Boston near public boat ramp,4ADAN015.30,9/4/2018,BLC,Blue Catfish,2,70.7 - 75.0,4043 - 4508,36.69468333,-78.88218333,80.05628884,8.699989412,41.02238256,40.24620969,41.02238256,BLC,18NF200,DAN_ROANOKE,2018,,
18NF201,5,Dan River below South Boston near public boat ramp,4ADAN015.30,9/4/2018,FHC,Flathead Catfish,1,98,10900,36.69468333,-78.88218333,78.25503051,11.57999039,106.9132129,92.62291498,106.9132129,FHC,18NF201,DAN_ROANOKE,2018,,
18NF202,5,Dan River below South Boston near public boat ramp,4ADAN015.30,9/4/2018,BLC,Blue Catfish,5,61.8 - 62.9,2068 - 2315,36.69468333,-78.88218333,79.44358885,10.35997877,58.42865193,50.21293994,58.42865193,BLC,18NF202,DAN_ROANOKE,2018,,
18NF203,6,Dan River / Kerr Reservoir near State Park upper lake,4ADAN001.18,9/5/2018,LMB,Largemouth Bass,3,33.8 - 36.5,547 - 789,36.69038333,-78.6693,78.79206985,3.699994122,7.288706773,7.698902802,7.288706773,LMB,18NF203,DAN_ROANOKE,2018,,
18NF203D,6,Dan River / Kerr Reservoir near State Park upper lake,4ADAN001.18,9/5/2018,LMB,Largemouth Bass,3,33.8 - 36.5,547 - 789,36.69038333,-78.6693,78.79206985,3.8000106,6.504005329,6.868612337,6.504005329,LMB,18NF203D,DAN_ROANOKE,2018,,
18NF204,6,Dan River / Kerr Reservoir near State Park upper lake,4ADAN001.18,9/5/2018,WHS,White Crappie,8,28.8 - 31.7,365 - 434,36.69038333,-78.6693,79.14856821,1.959991496,0,0,0,WHS,18NF204,DAN_ROANOKE,2018,,
18NF205,6,Dan River / Kerr Reservoir near State Park upper lake,4ADAN001.18,9/5/2018,FWD,Freshwater Drum,2,49.6 - 51.4,1391 - 1621,36.69038333,-78.6693,77.27723122,8.419990772,1.293803528,1.266112677,1.293803528,FWD,18NF205,DAN_ROANOKE,2018,,
18NF206,6,Dan River / Kerr Reservoir near State Park upper lake,4ADAN001.18,9/5/2018,C,Carp,3,63.5 - 73.1,3788 - 7100,36.69038333,-78.6693,73.88059795,16.82000118,98.40455564,82.80111644,98.40455564,C,18NF206,DAN_ROANOKE,2018,,
18NF207,6,Dan River / Kerr Reservoir near State Park upper lake,4ADAN001.18,9/5/2018,FHC,Flathead Catfish,1,116.1,18800,36.69038333,-78.6693,82.55857378,1.679992711,174.3360856,166.1639443,174.3360856,FHC,18NF207,DAN_ROANOKE,2018,,
18NF233,3,Hyco River near Route 58 bridge,4AHYC002.70,10/23/2018,W,Warmouth Sunfish,7,17.8 - 21.7,122 - 257,36.66755556,-78.75541667,80.02153784,3.080010356,0,0,0,W,18NF233,DAN_ROANOKE,2018,,
18NF234,3,Hyco River near Route 58 bridge,4AHYC002.70,10/23/2018,BGS,Bluegill Sunfish,13,15.1 - 17.6,75 - 119,36.66755556,-78.75541667,78.96039635,4.899978521,1.670785698,1.355371267,1.670785698,BGS,18NF234,DAN_ROANOKE,2018,,
18NF235,3,Hyco River near Route 58 bridge,4AHYC002.70,10/23/2018,RES,Redear Sunfish,8,19.8 - 24.5,152 - 294,36.66755556,-78.75541667,78.41726691,3.239989164,0,0,0,RES,18NF235,DAN_ROANOKE,2018,,
18NF235D,3,Hyco River near Route 58 bridge,4AHYC002.70,10/23/2018,RES,Redear Sunfish,8,19.8 - 24.5,152 - 294,36.66755556,-78.75541667,78.41726691,3.020000586,0,0,0,RES,18NF235D,DAN_ROANOKE,2018,,
18NF236,3,Hyco River near Route 58 bridge,4AHYC002.70,10/23/2018,BKS,Black Crappie,3,23.5 - 27.3,218 - 328,36.66755556,-78.75541667,73.44962656,3.839993442,0,0,0,BKS,18NF236,DAN_ROANOKE,2018,,
18NF237,3,Hyco River near Route 58 bridge,4AHYC002.70,10/23/2018,CHC,Channel Catfish,1,41.4,643,36.66755556,-78.75541667,79.59183753,10.24000696,0.719061131,0.668367321,0.719061131,CHC,18NF237,DAN_ROANOKE,2018,,
18NF191,11,"Roanoke River near Rt. 761 bridge, Long Island",4AROA108.09,8/30/2018,SMB,Smallmouth Bass,1,43.2,1242,37.07638889,-79.1,78.53855491,3.620004572,38.25111456,28.48234224,38.25111456,SMB,18NF191,DAN_ROANOKE,2018,,
18NF192,11,"Roanoke River near Rt. 761 bridge, Long Island",4AROA108.09,8/30/2018,C,Carp,3,64.6 - 74.0,3501 - 5449,37.07638889,-79.1,75.46391487,18.88000988,658.9387622,640.2031394,658.9387622,C,18NF192,DAN_ROANOKE,2018,,
18NF193,11,"Roanoke River near Rt. 761 bridge, Long Island",4AROA108.09,8/30/2018,FHC,Flathead Catfish,1,95.8,11100,37.07638889,-79.1,76.92307383,26.46000357,1322.0036,1155.91077,1322.0036,FHC,18NF193,DAN_ROANOKE,2018,,
18NF194,11,"Roanoke River near Rt. 761 bridge, Long Island",4AROA108.09,8/30/2018,FHC,Flathead Catfish,1,93.6,10300,37.07638889,-79.1,77.53986865,16.88001212,685.4536152,636.3974901,685.4536152,FHC,18NF194,DAN_ROANOKE,2018,,
18NF195,11,"Roanoke River near Rt. 761 bridge, Long Island",4AROA108.09,8/30/2018,CHC,Channel Catfish,4,48.5 - 53.1,1111 - 1231,37.07638889,-79.1,80.51879853,9.760021931,85.60070981,85.18389117,85.60070981,CHC,18NF195,DAN_ROANOKE,2018,,
18NF196,11,"Roanoke River near Rt. 761 bridge, Long Island",4AROA108.09,8/30/2018,SPB,Spotted Bass,2,35.7 - 36.6,642 - 862,37.07638889,-79.1,78.57142091,3.600001219,22.73449062,21.97822215,22.73449062,SPB,18NF196,DAN_ROANOKE,2018,,
18NF197,11,"Roanoke River near Rt. 761 bridge, Long Island",4AROA108.09,8/30/2018,GRH,Golden Redhorse Sucker,5,48.5 - 54.8,1240 - 1890,37.07638889,-79.1,79.62963432,7.220006082,178.5893449,181.6969396,178.5893449,GRH,18NF197,DAN_ROANOKE,2018,,
18NF186,10,"Roanoke River near Rt. 501, Brookneal",4AROA097.07,8/29/2018,SMB,Smallmouth Bass,2,35.2 - 36.5,720 - 768,37.03833333,-78.94611111,77.36842036,5.439996603,58.43102392,56.56853857,58.43102392,SMB,18NF186,DAN_ROANOKE,2018,,
18NF187,10,"Roanoke River near Rt. 501, Brookneal",4AROA097.07,8/29/2018,WE,Walleye,2,45.3 - 53.0,974 - 1412,37.03833333,-78.94611111,78.13199013,6.080007297,172.0524238,143.7607342,172.0524238,WE,18NF187,DAN_ROANOKE,2018,,
18NF188,10,"Roanoke River near Rt. 501, Brookneal",4AROA097.07,8/29/2018,C,Carp,3,59.0 63.7,3040 - 4592,37.03833333,-78.94611111,78.14504653,9.139991016,247.7457474,239.7197725,247.7457474,C,18NF188,DAN_ROANOKE,2018,,
18NF189,10,"Roanoke River near Rt. 501, Brookneal",4AROA097.07,8/29/2018,CHC,Channel Catfish,4,47.6 - 55.0,968 - 1517,37.03833333,-78.94611111,79.74684089,11.64000016,221.6349878,177.0128131,221.6349878,CHC,18NF189,DAN_ROANOKE,2018,,
18NF190,10,"Roanoke River near Rt. 501, Brookneal",4AROA097.07,8/29/2018,BLC,Blue Catfish,1,95.5,11600,37.03833333,-78.94611111,81.18937016,5.780005595,345.0078858,338.5924658,345.0078858,BLC,18NF190,DAN_ROANOKE,2018,,
18NF181,9,Roanoke River near Rt. 746 bridge (Watkins Bridge) near Randolph,4AROA067.91,8/28/2018,SMB,Smallmouth Bass,2,34.7 - 36.1,598 - 632,36.91527778,-78.74055556,78.08472514,4.939985229,32.80078222,24.66586101,32.80078222,SMB,18NF181,DAN_ROANOKE,2018,,
18NF182,9,Roanoke River near Rt. 746 bridge (Watkins Bridge) near Randolph,4AROA067.91,8/28/2018,WE,Walleye,2,44.0 - 49.9,809 - 1203,36.91527778,-78.74055556,77.9644385,6.620001514,83.3832619,71.35357206,83.3832619,WE,18NF182,DAN_ROANOKE,2018,,
18NF183,9,Roanoke River near Rt. 746 bridge (Watkins Bridge) near Randolph,4AROA067.91,8/28/2018,C,Carp,2,57.2 - 67.8,2738 - 3927,36.91527778,-78.74055556,78.39092612,7.739996654,207.7680905,194.8641455,207.7680905,C,18NF183,DAN_ROANOKE,2018,,
18NF184,9,Roanoke River near Rt. 746 bridge (Watkins Bridge) near Randolph,4AROA067.91,8/28/2018,CHC,Channel Catfish,3,51.2 - 54.7,1025 - 1519,36.91527778,-78.74055556,79.7191903,12.82000565,107.4129594,116.5886963,107.4129594,CHC,18NF184,DAN_ROANOKE,2018,,
18NF185,9,Roanoke River near Rt. 746 bridge (Watkins Bridge) near Randolph,4AROA067.91,8/28/2018,BLC,Blue Catfish,3,69.2 - 71.4,3100 - 3180,36.91527778,-78.74055556,81.55161291,2.96001439,79.08934299,81.50608105,79.08934299,BLC,18NF185,DAN_ROANOKE,2018,,
18NF208,8,"Roanoke River near public boat ramp at Clover, Va",4AROA059.12,9/6/2018,SMB,Smallmouth Bass,2,35.9 - 37.6,697 - 740,36.82686667,-78.68711667,77.60304213,5.920004915,64.262403,66.6278141,64.262403,SMB,18NF208,DAN_ROANOKE,2018,,
18NF209,8,"Roanoke River near public boat ramp at Clover, Va",4AROA059.12,9/6/2018,FWD,Freshwater Drum,3,44.2 - 51.9,1077 - 1723,36.82686667,-78.68711667,76.62889361,13.47999554,119.7589563,114.4945828,119.7589563,FWD,18NF209,DAN_ROANOKE,2018,,
18NF210,8,"Roanoke River near public boat ramp at Clover, Va",4AROA059.12,9/6/2018,C,Carp,3,62.7 - 68.5,2957 - 4496,36.82686667,-78.68711667,76.77305341,13.38000293,308.4152785,295.940101,308.4152785,C,18NF210,DAN_ROANOKE,2018,,
18NF211,8,"Roanoke River near public boat ramp at Clover, Va",4AROA059.12,9/6/2018,BLC,Blue Catfish,3,77.4 - 89.5,5077 - 7300,36.82686667,-78.68711667,80.51166832,5.040001706,253.3433624,243.3930873,253.3433624,BLC,18NF211,DAN_ROANOKE,2018,,
18NF212,8,"Roanoke River near public boat ramp at Clover, Va",4AROA059.12,9/6/2018,BLC,Blue Catfish,5,58.0 - 67.3,2326 - 2817,36.82686667,-78.68711667,78.90797257,11.30001503,133.8952388,119.5633213,133.8952388,BLC,18NF212,DAN_ROANOKE,2018,,
18NF213,8,"Roanoke River near public boat ramp at Clover, Va",4AROA059.12,9/6/2018,GRH,Golden Redhorse Sucker,5,48.5 - 54.3,1207 - 1693,36.82686667,-78.68711667,79.09010649,6.480002194,133.7906252,118.0403218,133.7906252,GRH,18NF213,DAN_ROANOKE,2018,,
18NF176,7,Roanoke River /Kerr Reservoir near Clarksville Marina middle upper lake,4AROA036.59,8/23/2018,LMB,Largemouth Bass,4,35.9 - 44.7,647 - 1159,36.62571667,-78.54205,78.82012129,3.320002579,16.44557881,17.14087584,16.44557881,LMB,18NF176,DAN_ROANOKE,2018,,
18NF176D,7,Roanoke River /Kerr Reservoir near Clarksville Marina middle upper lake,4AROA036.59,8/23/2018,LMB,Largemouth Bass,4,35.9 - 44.7,647 - 1159,36.62571667,-78.54205,78.82012129,3.399992129,13.2405083,13.35518432,13.2405083,LMB,18NF176D,DAN_ROANOKE,2018,,
18NF177,7,Roanoke River /Kerr Reservoir near Clarksville Marina middle upper lake,4AROA036.59,8/23/2018,RES,Redear Sunfish,6,23.4 - 29.3,248 - 515,36.62571667,-78.54205,79.87634093,3.299999225,0,0,0,RES,18NF177,DAN_ROANOKE,2018,,
18NF179,7,Roanoke River /Kerr Reservoir near Clarksville Marina middle upper lake,4AROA036.59,8/23/2018,CHC,Channel Catfish,5,46.2 - 51.9,826 - 1234,36.62571667,-78.54205,78.75125259,10.69998718,26.17029193,24.66724589,26.17029193,CHC,18NF179,DAN_ROANOKE,2018,,
18NF180,7,Roanoke River /Kerr Reservoir near Clarksville Marina middle upper lake,4AROA036.59,8/23/2018,GRH,Golden Redhorse Sucker,5,51.2 - 57.0,1549 - 1953,36.62571667,-78.54205,79.69543189,10.06000093,50.8662106,45.60609044,50.8662106,GRH,18NF180,DAN_ROANOKE,2018,,
18NF214,12,Kerr Reservoir near Buoy 1,4AROA018.36,9/11/2018,LMB,Largemouth Bass,3,47.5  - 49.5,1553 - 1821,36.59416667,-78.30111111,75.32518357,4.940009094,18.14418988,19.24808405,18.14418988,LMB,18NF214,DAN_ROANOKE,2018,,
18NF215,12,Kerr Reservoir near Buoy 1,4AROA018.36,9/11/2018,GSH,Gizzard Shad,9,22.7 - 29.0,130 - 305,36.59416667,-78.30111111,80.58313578,5.460000248,2.130531839,2.106535599,2.130531839,GSH,18NF215,DAN_ROANOKE,2018,,
18NF216,13,"Lake Gaston, off Point (Mecklenburg County)",4AROA004.54,9/20/2018,LMB,Largemouth Bass,5,40.8 - 46.3,946 - 1363,36.54972222,-78.1175,78.99760753,5.800008657,14.02950806,12.43929701,14.02950806,LMB,18NF216,DAN_ROANOKE,2018,,
18NF217,13,"Lake Gaston, off Point (Mecklenburg County)",4AROA004.54,9/20/2018,RES,Redear Sunfish,7,25.8 - 29.3,317 - 479,36.54972222,-78.1175,78.95054817,2.240014146,0,0,0,RES,18NF217,DAN_ROANOKE,2018,,
18NF218,13,"Lake Gaston, off Point (Mecklenburg County)",4AROA004.54,9/20/2018,BGS,Bluegill Sunfish,9,16.6 - 19.5,93 - 159,36.54972222,-78.1175,79.027538,4.819989263,4.954815158,5.088129005,4.954815158,BGS,18NF218,DAN_ROANOKE,2018,,
18NF219,13,"Lake Gaston, off Point (Mecklenburg County)",4AROA004.54,9/20/2018,YP,Yellow Perch,8,22.5 - 28.5,141 - 312,36.54972222,-78.1175,78.65587026,1.999998058,0,0,0,YP,18NF219,DAN_ROANOKE,2018,,
18NF220,13,"Lake Gaston, off Point (Mecklenburg County)",4AROA004.54,9/20/2018,CHC,Channel Catfish,4,50.0 - 57.8,1337 - 1952,36.54972222,-78.1175,75.93402117,21.31998539,59.61784857,58.58814413,59.61784857,CHC,18NF220,DAN_ROANOKE,2018,,
19PF001,21,Lake Orange near Dam (Clear Creek),8-CLC003.48,3/13/2019,BKS,Black Crappie,5,25.2 - 26.8,253 - 285,38.221667,-78.015278,80.12,3.28,0.000,0.000,0.000,BKS,8-CLC003.48,Routine_Statewide,2019,,
19PF001D,21,Lake Orange near Dam (Clear Creek),8-CLC003.48,3/13/2019,BKS,Black Crappie,5,25.2 - 26.8,253 - 285,38.221667,-78.015278,75.96,3.28,0.000,0.000,0.000,BKS,8-CLC003.48,Routine_Statewide,2019,,
19PF002,21,Lake Orange near Dam (Clear Creek),8-CLC003.48,3/13/2019,BGS,Bluegill Sunfish,4,18.6 - 21.6,129 - 213,38.221667,-78.015278,81.30,2.76,0.000,0.000,0.000,BGS,8-CLC003.48,Routine_Statewide,2019,,
19PF003,21,Lake Orange near Dam (Clear Creek),8-CLC003.48,3/13/2019,LMB,Largemouth Bass,3,36.2 - 40.9,655 - 1046,38.221667,-78.015278,79.16,3.68,0.000,0.000,0.000,LMB,8-CLC003.48,Routine_Statewide,2019,,
19PF004,21,Lake Orange near Dam (Clear Creek),8-CLC003.48,3/13/2019,RES,Redear Sunfish,4,21.5 - 25.0,184 - 273,38.221667,-78.015278,79.95,2.56,0.000,0.000,0.000,RES,8-CLC003.48,Routine_Statewide,2019,,
19PF032,22,Pamunkey River at Rt. 360 near Old Church,8-PMK056.87,6/12/2019,C,Carp,3,65.0 - 74.0,3653 - 5005,37.685667,-77.183350,76.27,16.68,16.079,11.088,16.079,C,8-PMK056.87,Routine_Statewide,2019,,
19PF033,22,Pamunkey River at Rt. 360 near Old Church,8-PMK056.87,6/12/2019,C,Carp,3,61.5 - 62.9,3104 - 3222,37.685667,-77.183350,77.05,15.48,13.918,9.740,13.918,C,8-PMK056.87,Routine_Statewide,2019,,
19PF034,22,Pamunkey River at Rt. 360 near Old Church,8-PMK056.87,6/12/2019,GSH,Gizzard Shad,6,38.4 - 41.0,501 - 724,37.685667,-77.183350,74.91,28.26,19.463,10.151,19.463,GSH,8-PMK056.87,Routine_Statewide,2019,,
19PF035,22,Pamunkey River at Rt. 360 near Old Church,8-PMK056.87,6/12/2019,GSH,Gizzard Shad,6,36.3 - 38.1,434 - 590,37.685667,-77.183350,75.02,28.06,66.646,46.735,66.646,GSH,8-PMK056.87,Routine_Statewide,2019,,
19PF036,22,Pamunkey River at Rt. 360 near Old Church,8-PMK056.87,6/12/2019,CHC,Channel Catfish,3,43.0 - 53.1,622 - 1193,37.685667,-77.183350,78.49,16.20,8.735,4.967,8.735,CHC,8-PMK056.87,Routine_Statewide,2019,,
19PF037,22,Pamunkey River at Rt. 360 near Old Church,8-PMK056.87,6/12/2019,BLC,Blue Catfish,3,44.8 - 52.8,726 - 1564,37.685667,-77.183350,80.54,8.80,4.257,2.475,4.257,BLC,8-PMK056.87,Routine_Statewide,2019,,
19PF016,23,Pamunkey River near Lester Manor,8-PMK032.00,5/29/2019,WP,White Perch,10,17.9 - 21.3,87 - 147,37.569183,-77.021483,80.64,3.44,0.741,0.437,0.741,WP,8-PMK032.00,Routine_Statewide,2019,,
19PF017,23,Pamunkey River near Lester Manor,8-PMK032.00,5/29/2019,GSH,Gizzard Shad,5,35.4 - 40.8,419 - 712,37.569183,-77.021483,79.30,10.80,7.489,4.578,7.489,GSH,8-PMK032.00,Routine_Statewide,2019,,
19PF018,23,Pamunkey River near Lester Manor,8-PMK032.00,5/29/2019,GSH,Gizzard Shad,6,33.8 - 35.3,358 - 434 ,37.569183,-77.021483,81.07,5.28,6.117,3.647,6.117,GSH,8-PMK032.00,Routine_Statewide,2019,,
19PF028,24,"Pamunkey River near Hill Marsh, North",8-PMK011.64,6/11/2019,WP,White Perch,15,19.0 - 27.2,99 - 304,37.579058,-76.871756,80.60,4.30,1.047,0.720,1.047,WP,8-PMK011.64,Routine_Statewide,2019,,
19PF029,24,"Pamunkey River near Hill Marsh, North",8-PMK011.64,6/11/2019,BLC,Blue Catfish,3,57.1 - 63.0,1962 - 2425,37.579058,-76.871756,81.31,5.82,11.265,7.977,11.265,BLC,8-PMK011.64,Routine_Statewide,2019,,
19PF030,24,"Pamunkey River near Hill Marsh, North",8-PMK011.64,6/11/2019,BLC,Blue Catfish,3,55.5 - 56.5,1689 - 1907,37.579058,-76.871756,81.04,7.66,7.732,4.644,7.732,BLC,8-PMK011.64,Routine_Statewide,2019,,
19PF031,24,"Pamunkey River near Hill Marsh, North",8-PMK011.64,6/11/2019,GSH,Gizzard Shad,6,23.9 - 35.1,120 - 405,37.579058,-76.871756,80.60,12.54,11.813,8.424,11.813,GSH,8-PMK011.64,Routine_Statewide,2019,,
19PF019,27,"Mattaponi River near Rt. 360, Old Hall Landing",8-MPN041.41,5/30/2019,BLC,Blue Catfish,2,62.8 - 80.0,2900 - 6700,37.809817,-77.093033,78.54,13.64,21.603,13.381,21.603,BLC,8-MPN041.41,Routine_Statewide,2019,,
19PF020,27,"Mattaponi River near Rt. 360, Old Hall Landing",8-MPN041.41,5/30/2019,BLC,Blue Catfish,4,61.0 - 61.9,2000 - 2900,37.809817,-77.093033,81.78,6.54,7.307,4.500,7.307,BLC,8-MPN041.41,Routine_Statewide,2019,,
19PF021,27,"Mattaponi River near Rt. 360, Old Hall Landing",8-MPN041.41,5/30/2019,WHC,White Catfish,4,35.2 - 40.3,615 - 925,37.809817,-77.093033,82.07,6.56,8.776,5.200,8.776,WHC,8-MPN041.41,Routine_Statewide,2019,,
19PF022,27,"Mattaponi River near Rt. 360, Old Hall Landing",8-MPN041.41,5/30/2019,C,Carp,1,72.6,5400,37.809817,-77.093033,76.76,12.04,1.946,1.166,1.946,C,8-MPN041.41,Routine_Statewide,2019,,
19PF023,27,"Mattaponi River near Rt. 360, Old Hall Landing",8-MPN041.41,5/30/2019,GSH,Gizzard Shad,4,38.3 - 41.5,573 - 741,37.809817,-77.093033,74.19,26.38,38.475,24.490,38.475,GSH,8-MPN041.41,Routine_Statewide,2019,,
19PF024,27,"Mattaponi River near Rt. 360, Old Hall Landing",8-MPN041.41,5/30/2019,WP,White Perch,7,18.0 - 21.8,86 - 153,37.809817,-77.093033,80.75,3.38,0.956,0.620,0.956,WP,8-MPN041.41,Routine_Statewide,2019,,
19PF024D,27,"Mattaponi River near Rt. 360, Old Hall Landing",8-MPN041.41,5/30/2019,WP,White Perch,7,18.0 - 21.8,86 - 153,37.809817,-77.093033,80.75,3.60,1.033,0.649,1.033,WP,8-MPN041.41,Routine_Statewide,2019,,
19PF025,28,Mattaponi River near Rt. 629 at Walkerton,8-MPN029.08,5/31/2019,WP,White Perch,10,18.0 - 22.3,84 - 167,37.722867,-77.023333,79.84,4.08,0.711,0.496,0.711,WP,8-MPN029.08,Routine_Statewide,2019,,
19PF026,28,Mattaponi River near Rt. 629 at Walkerton,8-MPN029.08,5/31/2019,GSH,Gizzard Shad,10,34.8 - 41.9,512 - 792,37.722867,-77.023333,76.25,24.42,37.465,26.222,37.465,GSH,8-MPN029.08,Routine_Statewide,2019,,
19PF027,28,Mattaponi River near Rt. 629 at Walkerton,8-MPN029.08,5/31/2019,BLC,Blue Catfish,5,47.2 - 58.1,1053 - 2091,37.722867,-77.023333,80.74,7.86,2.764,1.796,2.764,BLC,8-MPN029.08,Routine_Statewide,2019,,
19PF081,29,"Mattaponi River near end of Rt. 602, Melrose Landing",8-MPN014.33,7/17/2019,WP,White Perch,15,17.2 - 22.5,81 - 181,37.637333,-76.856500,80.46,2.96,0.935,0.465,0.935,WP,8-MPN014.33,Routine_Statewide,2019,,
19PF081D,29,"Mattaponi River near end of Rt. 602, Melrose Landing",8-MPN014.33,7/17/2019,WP,White Perch,15,17.2 - 22.5,81 - 181,37.637333,-76.856500,80.46,3.04,1.067,0.543,1.067,WP,8-MPN014.33,Routine_Statewide,2019,,
19PF082,29,"Mattaponi River near end of Rt. 602, Melrose Landing",8-MPN014.33,7/17/2019,LMB,Largemouth Bass,3,39.8 -40.3,1048 - 1077,37.637333,-76.856500,79.34,3.40,1.250,0.685,1.250,LMB,8-MPN014.33,Routine_Statewide,2019,,
19PF083,29,"Mattaponi River near end of Rt. 602, Melrose Landing",8-MPN014.33,7/17/2019,CHC,Channel Catfish,3,33.9 - 42.5,306 - 691,37.637333,-76.856500,81.27,7.06,6.044,2.566,6.044,CHC,8-MPN014.33,Routine_Statewide,2019,,
19PF084,29,"Mattaponi River near end of Rt. 602, Melrose Landing",8-MPN014.33,7/17/2019,BLC,Blue Catfish,2,45.5 - 54.9,845 - 1402,37.637333,-76.856500,82.34,5.00,4.017,2.231,4.017,BLC,8-MPN014.33,Routine_Statewide,2019,,
19PF085,29,"Mattaponi River near end of Rt. 602, Melrose Landing",8-MPN014.33,7/17/2019,STB,Striped Bass,2,50.4 - 52.9,1198 - 1367,37.637333,-76.856500,79.44,7.38,25.042,14.200,25.042,STB,8-MPN014.33,Routine_Statewide,2019,,
19PF075,30,York River near West Point at Buoy 59,8-YRK031.48,7/3/2019,BCC,Blue Crab,12,11.0 - 15.0,74 - 173,37.512217,-76.793050,82.74,4.18,10.330,7.058,10.330,BCC,8-YRK031.48,Routine_Statewide,2019,,
19PF127,31,York River near Claybank,8-YRK016.57,8/14/2019,SPT,Spot,20,17.0 - 20.9,76 - 160,37.355883,-76.636267,74.68,20.50,7.791,4.440,7.791,SPT,8-YRK016.57,Routine_Statewide,2019,,
19PF128,31,York River near Claybank,8-YRK016.57,8/14/2019,SPT,Spot,20,15.7 - 17.0,51 - 75,37.355883,-76.636267,79.34,7.44,1.108,0.477,1.108,SPT,8-YRK016.57,Routine_Statewide,2019,,
19PF129,31,York River near Claybank,8-YRK016.57,8/14/2019,CRK,Atlantic Croaker,8,16.5 - 25.5,55 - 216,37.355883,-76.636267,73.02,20.60,6.158,3.353,6.158,CRK,8-YRK016.57,Routine_Statewide,2019,,
19PF130,31,York River near Claybank,8-YRK016.57,8/14/2019,BCC,Blue Crab,16,11.6 - 16.6,94 - 245,37.355883,-76.636267,79.47,4.06,1.034,0.463,1.034,BCC,8-YRK016.57,Routine_Statewide,2019,,
19PF076,34,York River near Rt. 17 bridge,8-YRK005.93,7/11/2019,CRK,Atlantic Croaker,6,21.5 - 25.4,107 - 191,37.242883,-76.506550,74.27,20.80,8.849,6.704,8.849,CRK,8-YRK005.93,Routine_Statewide,2019,,
19PF077,34,York River near Rt. 17 bridge,8-YRK005.93,7/11/2019,CRK,Atlantic Croaker,8,18.2 - 21.3,93 - 113,37.242883,-76.506550,73.25,20.86,10.622,10.229,10.622,CRK,8-YRK005.93,Routine_Statewide,2019,,
19PF078,34,York River near Rt. 17 bridge,8-YRK005.93,7/11/2019,SPT,Spot,3,15.4 - 19.6,50 - 97,37.242883,-76.506550,73.47,21.86,18.008,20.149,18.008,SPT,8-YRK005.93,Routine_Statewide,2019,,
19PF005,5,Waller Mill Reservoir near Rt. 645,8-QEN007.65,4/15/2019,BGS,Bluegill Sunfish,8,15.4 - 20.0,75 - 161,37.315138,-76.706112,79.62,2.88,0.000,0.000,0.000,BGS,8-QEN007.65,Routine_Statewide,2019,,
19PF006,5,Waller Mill Reservoir near Rt. 645,8-QEN007.65,4/15/2019,LMB,Largemouth Bass,3,35.6 - 39.5,645 - 932,37.315138,-76.706112,79.86,2.90,0.689,0.651,0.689,LMB,8-QEN007.65,Routine_Statewide,2019,,
19PF007,5,Waller Mill Reservoir near Rt. 645,8-QEN007.65,4/15/2019,WP,White Perch,5,21.8 - 27.1,206 - 252,37.315138,-76.706112,81.16,3.72,1.229,1.055,1.229,WP,8-QEN007.65,Routine_Statewide,2019,,
19PF008,5,Waller Mill Reservoir near Rt. 645,8-QEN007.65,4/15/2019,C,Carp,3,59.5 - 65.0,2787 - 3844,37.315138,-76.706112,74.56,16.68,10.240,7.113,10.240,C,8-QEN007.65,Routine_Statewide,2019,,
19PF009,5,Waller Mill Reservoir near Rt. 645,8-QEN007.65,4/15/2019,GSH,Gizzard Shad,5,29.3 - 32.7,193 - 323,37.315138,-76.706112,76.95,16.28,5.765,3.833,5.765,GSH,8-QEN007.65,Routine_Statewide,2019,,
19PF113,32,Queen Creek near York River,8-QEN002.47,8/8/2019,RDR,Red Drum,3,31.4 - 32.6,346 - 424,37.298050,-76.650833,78.48,2.90,8.076,5.219,8.076,RDR,8-QEN002.47,Routine_Statewide,2019,,
19PF114,32,Queen Creek near York River,8-QEN002.47,8/8/2019,WP,White Perch,8,20.7 - 28.2,130 - 343,37.298050,-76.650833,79.70,3.82,6.006,3.104,6.006,WP,8-QEN002.47,Routine_Statewide,2019,,
19PF115,32,Queen Creek near York River,8-QEN002.47,8/8/2019,WP,White Perch,13,15.4 - 19.4,56 - 108,37.298050,-76.650833,80.09,3.26,11.636,5.435,11.636,WP,8-QEN002.47,Routine_Statewide,2019,,
19PF116,32,Queen Creek near York River,8-QEN002.47,8/8/2019,CRK,Atlantic Croaker,2,27.8 - 29.1,275 - 332,37.298050,-76.650833,71.51,24.54,70.645,42.916,70.645,CRK,8-QEN002.47,Routine_Statewide,2019,,
19PF117,32,Queen Creek near York River,8-QEN002.47,8/8/2019,SPT,Spot,21,14.2 - 17.6,36 - 77,37.298050,-76.650833,79.22,6.70,17.951,10.312,17.951,SPT,8-QEN002.47,Routine_Statewide,2019,,
19PF118,32,Queen Creek near York River,8-QEN002.47,8/8/2019,GSH,Gizzard Shad,7,38.3 - 41.7,551 - 695,37.298050,-76.650833,70.61,35.98,367.111,281.990,367.111,GSH,8-QEN002.47,Routine_Statewide,2019,,
19PF119,32,Queen Creek near York River,8-QEN002.47,8/8/2019,GSH,Gizzard Shad,7,34.3 - 38.5,411 - 525,37.298050,-76.650833,73.87,28.44,667.534,393.943,667.534,GSH,8-QEN002.47,Routine_Statewide,2019,,
19PF112,33,King Creek,8-KNG001.36,8/7/2019,SPT,Spot,19,14.2 - 18.0,38 - 80,37.276533,-76.601417,98.96,9.60,1.423,0.937,1.423,SPT,8-KNG001.36,Routine_Statewide,2019,,
19PF048,35,Wormley Creek,8-WOR000.35,6/13/2019,CRK,Atlantic Croaker,6,19.1 - 24.1,76 - 195,37.211600,-76.469217,75.04,14.60,5.640,3.816,5.640,CRK,8-WOR000.35,Routine_Statewide,2019,,
19PF049,35,Wormley Creek,8-WOR000.35,6/13/2019,SPT,Spot,4,17.3 - 19.5,72 - 103,37.211600,-76.469217,74.07,18.60,43.442,32.811,43.442,SPT,8-WOR000.35,Routine_Statewide,2019,,
19PF050,35,Wormley Creek,8-WOR000.35,6/13/2019,GSH,Gizzard Shad,3,32.0 - 34.5,404 - 482,37.211600,-76.469217,67.13,39.06,137.418,91.275,137.418,GSH,8-WOR000.35,Routine_Statewide,2019,,
19PF051,35,Wormley Creek,8-WOR000.35,6/13/2019,BCC,Blue Crab,20,11.3 - 14.4,96 - 207,37.211600,-76.469217,80.97,4.64,5.891,3.839,5.891,BCC,8-WOR000.35,Routine_Statewide,2019,,
19PF131,18,"Great Wicomico River ~.5 mile downstream from end of Rt. 707, i.e. Off Cedar Point.
",7-GWR007.97,8/13/2019,GSH,Gizzard Shad,10,33.3 - 43.7,409 - 928,37.868050,-76.403617,72.56,29.92,15.562,10.127,15.562,GSH,7-GWR007.97,Routine_Statewide,2019,,
19PF132,18,"Great Wicomico River ~.5 mile downstream from end of Rt. 707, i.e. Off Cedar Point.
",7-GWR007.97,8/13/2019,SPT,Spot,12,22.0 - 23.9,168 - 213,37.868050,-76.403617,61.32,42.20,13.852,5.826,13.852,SPT,7-GWR007.97,Routine_Statewide,2019,,
19PF133,18,"Great Wicomico River ~.5 mile downstream from end of Rt. 707, i.e. Off Cedar Point.
",7-GWR007.97,8/13/2019,SPT,Spot,20,17.0 - 18.5,65 - 91,37.868050,-76.403617,74.59,16.42,2.792,1.288,2.792,SPT,7-GWR007.97,Routine_Statewide,2019,,
19PF090,19,Cockrell Creek,7-COC000.40,7/29/2019,SPT,Spot,19,15.2 - 17.5,48 - 82,37.821700,-76.281217,80.30,4.24,1.532,0.909,1.532,SPT,7-COC000.40,Routine_Statewide,2019,,
19PF091,19,Cockrell Creek,7-COC000.40,7/29/2019,GSH,Gizzard Shad,9,37.3 - 41.6,492 - 734,37.821700,-76.281217,77.97,13.64,46.286,38.118,46.286,GSH,7-COC000.40,Routine_Statewide,2019,,
19PF092,19,Cockrell Creek,7-COC000.40,7/29/2019,GSH,Gizzard Shad,9,33.0 - 37.0,411 - 521,37.821700,-76.281217,76.97,17.34,29.520,25.036,29.520,GSH,7-COC000.40,Routine_Statewide,2019,,
19PF093,19,Cockrell Creek,7-COC000.40,7/29/2019,BCC,Blue Crab,13,10.5 - 15.5,71 - 222,37.821700,-76.281217,83.17,4.56,5.240,2.834,5.240,BCC,7-COC000.40,Routine_Statewide,2019,,
19PF094,20,Indian Creek,7-IND001.80,7/30/2019,SPT,Spot,16,14.6 - 22.8,41 - 187,37.698650,-76.351200,75.99,17.04,0.836,0.604,0.836,SPT,7-IND001.80,Routine_Statewide,2019,,
19PF095,20,Indian Creek,7-IND001.80,7/30/2019,CRK,Atlantic Croaker,3,17.1 - 20.2,58 - 97,37.698650,-76.351200,76.31,18.42,2.744,1.928,2.744,CRK,7-IND001.80,Routine_Statewide,2019,,
19PF096,20,Indian Creek,7-IND001.80,7/30/2019,GSH,Gizzard Shad,4,30.0 - 38.0,329 - 561,37.698650,-76.351200,70.50,32.62,7.050,4.950,7.050,GSH,7-IND001.80,Routine_Statewide,2019,,
19PF097,20,Indian Creek,7-IND001.80,7/30/2019,BCC,Blue Crab,18,8.9 - 14.0,64 - 162,37.698650,-76.351200,81.84,4.30,0.882,0.462,0.882,BCC,7-IND001.80,Routine_Statewide,2019,,
19PF072,15,Piankatank River near Anderson Point,7-PNK015.49,6/27/2019,GSH,Gizzard Shad,6,43.2 - 49.8,918 - 1276,37.548056,-76.508889,66.67,45.40,311.363,182.514,311.363,GSH,7-PNK015.49,Routine_Statewide,2019,,
19PF073,15,Piankatank River near Anderson Point,7-PNK015.49,6/27/2019,GSH,Gizzard Shad,6,36.5 - 43.1,600 - 940,37.548056,-76.508889,66.37,47.68,99.976,51.614,99.976,GSH,7-PNK015.49,Routine_Statewide,2019,,
19PF074,15,Piankatank River near Anderson Point,7-PNK015.49,6/27/2019,BCC,Blue Crab,20,10.0 - 15.1,63 - 193,37.548056,-76.508889,82.91,4.60,15.283,14.416,15.283,BCC,7-PNK015.49,Routine_Statewide,2019,,
19PF120,16,Dragon Swamp near Zion Branch,7-DRN001.43,8/12/2019,LMB,Largemouth Bass,6,30.0 - 33.5,326 - 521,37.579033,-76.587550,79.66,3.06,0.727,0.429,0.727,LMB,7-DRN001.43,Routine_Statewide,2019,,
19PF121,16,Dragon Swamp near Zion Branch,7-DRN001.43,8/12/2019,STB,Striped Bass,1,77.2,4000,37.579033,-76.587550,80.61,3.50,26.488,15.973,26.488,STB,7-DRN001.43,Routine_Statewide,2019,,
19PF122,16,Dragon Swamp near Zion Branch,7-DRN001.43,8/12/2019,STB,Striped Bass,1,62.5,2358,37.579033,-76.587550,77.52,12.86,60.420,32.878,60.420,STB,7-DRN001.43,Routine_Statewide,2019,,
19PF123,16,Dragon Swamp near Zion Branch,7-DRN001.43,8/12/2019,BGS,Bluegill Sunfish,10,17.9 - 19.9,126 - 162,37.579033,-76.587550,79.18,5.34,1.365,0.750,1.365,BGS,7-DRN001.43,Routine_Statewide,2019,,
19PF124,16,Dragon Swamp near Zion Branch,7-DRN001.43,8/12/2019,RES,Redear Sunfish,10,19.8 - 22.1,151 - 192,37.579033,-76.587550,80.27,2.18,0.000,0.000,0.000,RES,7-DRN001.43,Routine_Statewide,2019,,
19PF125,17,Dragon Swamp near Rt. 603,7-DRN010.48,8/22/2019,LMB,Largemouth Bass,2,32.5 - 38.0,526 - 881,37.633650,-76.695967,78.23,4.66,0.000,0.000,0.000,LMB,7-DRN010.48,Routine_Statewide,2019,,
19PF125D,17,Dragon Swamp near Rt. 603,7-DRN010.48,8/22/2019,LMB,Largemouth Bass,2,32.5 - 38.0,526 - 881,37.633650,-76.695967,78.23,4.66,0.000,0.000,0.000,LMB,7-DRN010.48,Routine_Statewide,2019,,
19PF059,12,East River,7-EST002.65,6/20/2019,CRK,Atlantic Croaker,7,20.5 - 24.1,107 - 181,37.401300,-76.346400,73.55,16.48,9.207,4.668,9.207,CRK,7-EST002.65,Routine_Statewide,2019,,
19PF060,12,East River,7-EST002.65,6/20/2019,SPT,Spot,7,15.0 - 20.0,49 - 123,37.401300,-76.346400,71.27,25.60,2.823,1.697,2.823,SPT,7-EST002.65,Routine_Statewide,2019,,
19PF061,12,East River,7-EST002.65,6/20/2019,ATM,Atlantic Menhaden,5,28.0 - 30.6,235 - 300,37.401300,-76.346400,74.15,19.32,20.388,13.672,20.388,ATM,7-EST002.65,Routine_Statewide,2019,,
19PF062,12,East River,7-EST002.65,6/20/2019,BCC,Blue Crab,20,10.7 - 14.8,71 - 204,37.401300,-76.346400,79.52,4.54,1.804,1.296,1.804,BCC,7-EST002.65,Routine_Statewide,2019,,
19PF063,13,North River,7-NOR003.65,6/24/2019,CRK,Atlantic Croaker,5,21.5 - 22.7,114 - 130,37.417767,-76.427717,75.46,17.46,1.001,0.575,1.001,CRK,7-NOR003.65,Routine_Statewide,2019,,
19PF063D,13,North River,7-NOR003.65,6/24/2019,CRK,Atlantic Croaker,5,21.5 - 22.7,114 - 130,37.417767,-76.427717,75.46,17.84,1.013,0.707,1.013,CRK,7-NOR003.65,Routine_Statewide,2019,,
19PF064,13,North River,7-NOR003.65,6/24/2019,SPT,Spot,5,14.5 - 19.9,42 - 92,37.417767,-76.427717,77.37,14.22,0.000,0.000,0.000,SPT,7-NOR003.65,Routine_Statewide,2019,,
19PF065,13,North River,7-NOR003.65,6/24/2019,GSH,Gizzard Shad,4,34.2 - 38.4,537 - 631,37.417767,-76.427717,70.44,31.88,13.586,9.284,13.586,GSH,7-NOR003.65,Routine_Statewide,2019,,
19PF066,13,North River,7-NOR003.65,6/24/2019,ATM,Atlantic Menhaden,5,29.1 - 33.5,229 - 401,37.417767,-76.427717,73.38,22.10,16.524,9.466,16.524,ATM,7-NOR003.65,Routine_Statewide,2019,,
19PF067,14,Ware River near the end of Rt. 621 (Gloucester Co),7-WAR005.77,6/25/2019,GSH,Gizzard Shad,5,33.9 - 37.7,479 - 687,37.400367,-76.488333,66.80,41.32,50.913,27.816,50.913,GSH,7-WAR005.77,Routine_Statewide,2019,,
19PF068,14,Ware River near the end of Rt. 621 (Gloucester Co),7-WAR005.77,6/25/2019,CRK,Atlantic Croaker,6,17.0 - 22.4,54 - 145,37.400367,-76.488333,76.70,14.86,2.482,1.360,2.482,CRK,7-WAR005.77,Routine_Statewide,2019,,
19PF069,14,Ware River near the end of Rt. 621 (Gloucester Co),7-WAR005.77,6/25/2019,SPT,Spot,20,19.1 - 20.8,94 - 135,37.400367,-76.488333,70.53,30.28,9.958,4.668,9.958,SPT,7-WAR005.77,Routine_Statewide,2019,,
19PF070,14,Ware River near the end of Rt. 621 (Gloucester Co),7-WAR005.77,6/25/2019,SPT,Spot,20,14.6 - 19.0,44 - 118,37.400367,-76.488333,74.53,21.50,3.314,1.758,3.314,SPT,7-WAR005.77,Routine_Statewide,2019,,
19PF071,14,Ware River near the end of Rt. 621 (Gloucester Co),7-WAR005.77,6/25/2019,BCC,Blue Crab,20,11.2 - 16.1,92 - 208,37.400367,-76.488333,84.01,3.66,0.000,0.000,0.000,BCC,7-WAR005.77,Routine_Statewide,2019,,
19PF052,7,Chisman Creek,7-CHS000.84,6/17/2019,SPT,Spot,8,17.1 - 19.9,74 - 111,37.183383,-76.416667,75.31,15.60,6.231,4.972,6.231,SPT,7-CHS000.84,Routine_Statewide,2019,,
19PF053,7,Chisman Creek,7-CHS000.84,6/17/2019,GSH,Gizzard Shad,11,26.7 - 35.5,190 - 490,37.183383,-76.416667,74.04,22.16,53.682,39.122,53.682,GSH,7-CHS000.84,Routine_Statewide,2019,,
19PF054,7,Chisman Creek,7-CHS000.84,6/17/2019,CRK,Atlantic Croaker,16,18.5 - 23.2,77 - 160,37.183383,-76.416667,72.96,22.22,4.858,3.232,4.858,CRK,7-CHS000.84,Routine_Statewide,2019,,
19PF055,7,Chisman Creek,7-CHS000.84,6/17/2019,BCC,Blue Crab,19,10.9 - 15.4,88 - 209,37.183383,-76.416667,80.66,4.04,0.000,0.000,0.000,BCC,7-CHS000.84,Routine_Statewide,2019,,
19PF044,8,Poquoson River,7-POQ002.11,6/11/2019,SPT,Spot,15,15.5 - 18.8,51 - 92,37.136217,-76.433050,76.66,13.02,4.097,2.834,4.097,SPT,7-POQ002.11,Routine_Statewide,2019,,
19PF045,8,Poquoson River,7-POQ002.11,6/11/2019,CRK,Atlantic Croaker,12,20.0 - 25.9,102 - 227,37.136217,-76.433050,72.85,23.08,11.660,8.028,11.660,CRK,7-POQ002.11,Routine_Statewide,2019,,
19PF046,8,Poquoson River,7-POQ002.11,6/11/2019,GSH,Gizzard Shad,10,33.4 - 39.5,357 - 738,37.136217,-76.433050,68.87,32.96,69.486,54.294,69.486,GSH,7-POQ002.11,Routine_Statewide,2019,,
19PF047,8,Poquoson River,7-POQ002.11,6/11/2019,BCC,Blue Crab,20,12.2 - 14.5,92 - 201,37.136217,-76.433050,80.73,5.10,3.502,2.359,3.502,BCC,7-POQ002.11,Routine_Statewide,2019,,
19PF107,9,Tabb Creek,7-TBC000.60,8/6/2019,GSH,Gizzard Shad,5,33.7 - 37.3,437 - 529,37.096917,-76.367633,69.16,38.50,769.510,499.193,769.510,GSH,7-TBC000.60,Routine_Statewide,2019,,
19PF108,9,Tabb Creek,7-TBC000.60,8/6/2019,GSH,Gizzard Shad,5,33.9 - 34.8,438 - 474,37.096917,-76.367633,71.06,37.06,1209.001,721.940,1209.001,GSH,7-TBC000.60,Routine_Statewide,2019,,
19PF109,9,Tabb Creek,7-TBC000.60,8/6/2019,CRK,Atlantic Croaker,6,24.0 - 26.7,203 - 255,37.096917,-76.367633,71.51,22.48,156.625,91.574,156.625,CRK,7-TBC000.60,Routine_Statewide,2019,,
19PF110,9,Tabb Creek,7-TBC000.60,8/6/2019,SPT,Spot,20,14.9 - 19.9,47 - 120,37.096917,-76.367633,78.27,11.18,36.175,20.251,36.175,SPT,7-TBC000.60,Routine_Statewide,2019,,
19PF111,9,Tabb Creek,7-TBC000.60,8/6/2019,BCC,Blue Crab,15,10.9 - 15.0,98 - 253,37.096917,-76.367633,82.14,4.36,39.866,21.758,39.866,BCC,7-TBC000.60,Routine_Statewide,2019,,
19PF103,10,Northwest Branch Back River,7-NWB000.69,8/5/2019,CRK,Atlantic Croaker,4,24.1 - 25.4,182 - 223,37.099112,-76.347971,72.75,20.38,38.428,23.680,38.428,CRK,7-NWB000.69,Routine_Statewide,2019,,
19PF104,10,Northwest Branch Back River,7-NWB000.69,8/5/2019,CRK,Atlantic Croaker,7,19.5 - 23.8,89 - 174,37.099112,-76.347971,74.02,17.04,16.029,9.886,16.029,CRK,7-NWB000.69,Routine_Statewide,2019,,
19PF105,10,Northwest Branch Back River,7-NWB000.69,8/5/2019,GSH,Gizzard Shad,4,30.2 - 31.9,252 - 453,37.099112,-76.347971,72.22,30.48,318.063,203.434,318.063,GSH,7-NWB000.69,Routine_Statewide,2019,,
19PF106,10,Northwest Branch Back River,7-NWB000.69,8/5/2019,BCC,Blue Crab,8,11.2 - 15.0,103 - 176,37.099112,-76.347971,79.34,4.24,2.303,1.372,2.303,BCC,7-NWB000.69,Routine_Statewide,2019,,
19PF056,11,Southwest Branch Back River,7-SWB001.91,6/19/2019,CRK,Atlantic Croaker,3,20.0 - 22.5,87 - 158,37.070300,-76.349667,74.33,17.00,10.019,6.981,10.019,CRK,7-SWB001.91,Routine_Statewide,2019,,
19PF057,11,Southwest Branch Back River,7-SWB001.91,6/19/2019,GSH,Gizzard Shad,8,30.7 - 38.1,266 - 506,37.070300,-76.349667,74.31,22.20,109.115,78.800,109.115,GSH,7-SWB001.91,Routine_Statewide,2019,,
19PF058,11,Southwest Branch Back River,7-SWB001.91,6/19/2019,BCC,Blue Crab,18,10.3 - 15.2,79 - 197,37.070300,-76.349667,81.71,5.50,6.952,3.822,6.952,BCC,7-SWB001.91,Routine_Statewide,2019,,
19PF041,1,Little Creek Channel near Rt. 60 Bridge,7-LCC001.10,6/6/2019,GSH,Gizzard Shad,8,33.9 - 37.0,453 - 655,36.925186,-76.191680,71.79,28.90,112.334,79.221,112.334,GSH,7-LCC001.10,Routine_Statewide,2019,,
19PF042,1,Little Creek Channel near Rt. 60 Bridge,7-LCC001.10,6/6/2019,GSH,Gizzard Shad,10,32.1 - 33.5,376 - 415,36.925186,-76.191680,73.75,24.98,183.361,96.309,183.361,GSH,7-LCC001.10,Routine_Statewide,2019,,
19PF043,1,Little Creek Channel near Rt. 60 Bridge,7-LCC001.10,6/6/2019,BCC,Blue Crab,19,9.5 - 16.5,58 - 288,36.925186,-76.191680,81.66,5.44,7.502,4.128,7.502,BCC,7-LCC001.10,Routine_Statewide,2019,,
19PF043D,1,Little Creek Channel near Rt. 60 Bridge,7-LCC001.10,6/6/2019,BCC,Blue Crab,19,9.5 - 16.5,58 - 288,36.925186,-76.191680,81.66,5.44,3.461,1.582,3.461,BCC,7-LCC001.10,Routine_Statewide,2019,,
19PF038,2,Linkhorn Bay ,7-LKN002.77,6/5/2019,CRK,Atlantic Croaker,3,15.3 - 21.0,61 - 97,36.868183,-76.013583,80.27,6.04,1.488,0.763,1.488,CRK,7-LKN002.77,Routine_Statewide,2019,,
19PF039,2,Linkhorn Bay ,7-LKN002.77,6/5/2019,GSH,Gizzard Shad,6,32.6 - 38.8,449 - 619,36.868183,-76.013583,66.26,44.06,93.836,62.219,93.836,GSH,7-LKN002.77,Routine_Statewide,2019,,
19PF040,2,Linkhorn Bay ,7-LKN002.77,6/5/2019,BCC,Blue Crab,15,11.0 - 16.1,86 - 197,36.868183,-76.013583,81.55,5.10,1.384,0.526,1.384,BCC,7-LKN002.77,Routine_Statewide,2019,,
19PF098,3,Eastern Branch Lynnhaven River,7-EBL002.54,8/1/2019,CRK,Atlantic Croaker,3,21.8 - 25.7,122 - 217,36.877067,-76.065683,74.27,18.98,1.892,1.205,1.892,CRK,7-EBL002.54,Routine_Statewide,2019,,
19PF099,3,Eastern Branch Lynnhaven River,7-EBL002.54,8/1/2019,CRK,Atlantic Croaker,8,17.1 - 19.3,48 - 82,36.877067,-76.065683,78.03,10.94,1.413,0.882,1.413,CRK,7-EBL002.54,Routine_Statewide,2019,,
19PF100,3,Eastern Branch Lynnhaven River,7-EBL002.54,8/1/2019,SPT,Spot,3,16.8 - 17.4,58 - 63,36.877067,-76.065683,79.20,4.14,0.698,0.478,0.698,SPT,7-EBL002.54,Routine_Statewide,2019,,
19PF101,3,Eastern Branch Lynnhaven River,7-EBL002.54,8/1/2019,GSH,Gizzard Shad,3,30.3 - 38.2,330 - 563,36.877067,-76.065683,73.77,29.48,78.843,63.774,78.843,GSH,7-EBL002.54,Routine_Statewide,2019,,
19PF102,3,Eastern Branch Lynnhaven River,7-EBL002.54,8/1/2019,BCC,Blue Crab,14,12.2 - 15.0,93 - 241,36.877067,-76.065683,79.42,4.32,1.239,0.913,1.239,BCC,7-EBL002.54,Routine_Statewide,2019,,
19PF102D,3,Eastern Branch Lynnhaven River,7-EBL002.54,8/1/2019,BCC,Blue Crab,14,12.2 - 15.0,93 - 241,36.877067,-76.065683,79.42,3.24,1.029,0.553,1.029,BCC,7-EBL002.54,Routine_Statewide,2019,,
19PF013,4,Lake Whitehurst,7-LAW001.00,5/1/2019,LMB,Largemouth Bass,3,36.7 - 40.5,649 - 945,36.911300,-76.194683,80.54,2.12,6.961,4.439,6.961,LMB,7-LAW001.00,Routine_Statewide,2019,,
19PF014,4,Lake Whitehurst,7-LAW001.00,5/1/2019,BGS,Bluegill Sunfish,10,14.2 - 16.7,49 - 107,36.911300,-76.194683,81.04,2.94,13.613,9.436,13.613,BGS,7-LAW001.00,Routine_Statewide,2019,,
19PF015,4,Lake Whitehurst,7-LAW001.00,5/1/2019,C,Carp,3,55.5 - 58.9,2031 - 2577,36.911300,-76.194683,79.12,3.06,9.101,3.264,9.101,C,7-LAW001.00,Routine_Statewide,2019,,
19PF010,6,Lake Trashmore,7-MTL000.20,5/1/2019,LMB,Largemouth Bass,3,36.9 - 38.5,679 - 849,36.827650,-76.125533,79.35,3.66,1.828,1.073,1.828,LMB,7-MTL000.20,Routine_Statewide,2019,,
19PF011,6,Lake Trashmore,7-MTL000.20,5/1/2019,BGS,Bluegill Sunfish,9,12.1 - 16.2,38 - 98,36.827650,-76.125533,79.75,4.08,0.000,0.000,0.000,BGS,7-MTL000.20,Routine_Statewide,2019,,
19PF012,6,Lake Trashmore,7-MTL000.20,5/1/2019,CHC,Channel Catfish,3,52.5 - 56.0,1412 - 1907,36.827650,-76.125533,74.59,23.36,24.708,18.138,24.708,CHC,7-MTL000.20,Routine_Statewide,2019,,
19PF079,40,Maury River upstream of Rt. 60,2-MRY013.88,6/28/2019,SMB,Smallmouth Bass,2,45.8 - 46.6,1209 -1221,37.745576,-79.370601,78.59,5.56,8.180,9.714,8.180,SMB,2-MRY013.88,Routine_Statewide,2019,,
19PF080,40,Maury River upstream of Rt. 60,2-MRY013.88,6/28/2019,SMB,Smallmouth Bass,5,26.5 - 34.5,234 - 493,37.745576,-79.370601,79.79,3.68,3.552,3.509,3.552,SMB,2-MRY013.88,Routine_Statewide,2019,,
19PF134,45,James River near Rt. 220 - 1st bridge below Cowpasture River,2-JMS345.73,9/30/2019,C,Carp,3,70.7 - 81.7,4868 -9900,37.775556,-79.780833,74.72,16.46,39.752,24.884,39.752,C,2-JMS345.73,Routine_Statewide,2019,,
19PF135,45,James River near Rt. 220 - 1st bridge below Cowpasture River,2-JMS345.73,9/30/2019,C,Carp,3,75.7 - 90.1,7200 - 12000,37.775556,-79.780833,77.31,10.26,61.600,41.437,61.600,C,2-JMS345.73,Routine_Statewide,2019,,
19PF136,45,James River near Rt. 220 - 1st bridge below Cowpasture River,2-JMS345.73,9/30/2019,C,Carp,3,85.0 - 90.2,10000 - 11800,37.775556,-79.780833,63.99,41.20,191.102,126.030,191.102,C,2-JMS345.73,Routine_Statewide,2019,,
19PF137,45,James River near Rt. 220 - 1st bridge below Cowpasture River,2-JMS345.73,9/30/2019,C,Carp,3,76.8 - 81.9,5900 - 9600,37.775556,-79.780833,76.30,15.78,62.802,42.405,62.802,C,2-JMS345.73,Routine_Statewide,2019,,
19PF138,41,James River near Alpine Landing above Natural Bridge Station,2-JMS298.70,10/8/2019,C,Carp,3,74.5 - 87.8,7600 - 12600,37.580654,-79.606507,67.60,36.78,221.442,195.473,221.442,C,2-JMS298.70,Routine_Statewide,2019,,
19PF139,41,James River near Alpine Landing above Natural Bridge Station,2-JMS298.70,10/8/2019,C,Carp,3,82.8 - 87.8,8900 - 12100,37.580654,-79.606507,72.93,25.42,120.528,97.750,120.528,C,2-JMS298.70,Routine_Statewide,2019,,
19PF140,41,James River near Alpine Landing above Natural Bridge Station,2-JMS298.70,10/8/2019,C,Carp,2,88.2 - 96.1,13200 - 14000,37.580654,-79.606507,70.73,30.12,92.692,78.867,92.692,C,2-JMS298.70,Routine_Statewide,2019,,
19PF141,41,James River near Alpine Landing above Natural Bridge Station,2-JMS298.70,10/8/2019,C,Carp,3,79.5 - 83.5,7900 - 10100,37.580654,-79.606507,72.43,30.34,137.576,121.584,137.576,C,2-JMS298.70,Routine_Statewide,2019,,
19PF142,41,James River near Alpine Landing above Natural Bridge Station,2-JMS298.70,10/8/2019,C,Carp,3,72.4 - 75.8,6100 - 6700,37.580654,-79.606507,72.84,24.60,180.894,163.006,180.894,C,2-JMS298.70,Routine_Statewide,2019,,
19PF087,1,Dogue Creek mid embayment,1ADOU001.02,4/10/2019,NSH,Northern Snakehead,3,59.9 - 64.0,2087 - 2364,38.703528,-77.127250,79.56,3.34,12.868,10.703,12.868,NSH,1ADOU001.02,Routine_Statewide,2019,,
19PF089,2,Pohick (Creek) Bay,1APOH002.76,5/8/2019,NSH,Northern Snakehead,1,76.4,3872,38.681861,-77.176750,79.96,2.40,18.276,13.543,18.276,NSH,1APOH002.76,Routine_Statewide,2019,,
19PF088,3,Occoquan River - Belmont Bay,1AOCC002.47,4/25/2019,NSH,Northern Snakehead,3,60.4 - 69.2,1963 - 3416,38.640389,-77.219417,77.28,3.16,8.604,6.819,8.604,NSH,1AOCC002.47,Routine_Statewide,2019,,
19PF126,4,Quantico Creek near railroad bridge (mid embayment),1AQUA000.85,6/6/2019,NSH,Northern Snakehead,3,66.2 - 71.3,2766 - 3491,38.534150,-77.287517,74.48,6.70,36.594,19.680,36.594,NSH,1AQUA000.85,Routine_Statewide,2019,,
19PF086,5,Aquia Creek near railroad bridge (mid embayment),1AAUA003.00,4/9/2019,NSH,Northern Snakehead,5,63.2 - 67.4,2296 - 2726,38.416342,-77.345605,79.45,6.06,7.291,5.256,7.291,NSH,1AAUA003.00,Routine_Statewide,2019,,
19NF236,1,Dan River near NC-VA State Line at Rt. 880 bridge,4ADAN075.22,10/25/2019,RHS,Notchlip Redhorse Sucker,6,33.0 - 38.0,1270 - 1830,36.541667,-79.605167,80.42,5.20,3.681,2.834,3.681,RHS,4ADAN075.22,DAN_ROANOKE,2019,,
19NF236D,1,Dan River near NC-VA State Line at Rt. 880 bridge,4ADAN075.22,10/25/2019,RHS,Notchlip Redhorse Sucker,6,33.0 - 38.0,1270 - 1830,36.541667,-79.605167,80.42,5.20,2.604,1.932,2.604,RHS,4ADAN075.22,DAN_ROANOKE,2019,,
19NF237,1,Dan River near NC-VA State Line at Rt. 880 bridge,4ADAN075.22,10/25/2019,GRH,Golden Redhorse Sucker,6,36.1 - 37.5,1700 - 2010,36.541667,-79.605167,79.30,5.08,1.370,1.040,1.370,GRH,4ADAN075.22,DAN_ROANOKE,2019,,
19NF215,2,Dan River above Schoolfield Dam,4ADAN060.16,9/9/2019,LMB,Largemouth Bass,2,43.4 - 43.6,976 - 1154,36.574733,-79.435333,79.30,2.92,0.945,0.574,0.945,LMB,4ADAN060.16,DAN_ROANOKE,2019,,
19NF216,2,Dan River above Schoolfield Dam,4ADAN060.16,9/9/2019,RBS,Redbreast Sunfish,10,14.7 - 18.4,50 - 114,36.574733,-79.435333,80.20,2.88,0.502,0.413,0.502,RBS,4ADAN060.16,DAN_ROANOKE,2019,,
19NF216D,2,Dan River above Schoolfield Dam,4ADAN060.16,9/9/2019,RBS,Redbreast Sunfish,10,14.7 - 18.4,50 - 114,36.574733,-79.435333,80.20,3.08,0.566,0.413,0.566,RBS,4ADAN060.16,DAN_ROANOKE,2019,,
19NF217,2,Dan River above Schoolfield Dam,4ADAN060.16,9/9/2019,C,Carp,2,70.8 - 75.1,5500 - 6600,36.574733,-79.435333,72.05,27.34,59.478,52.156,59.478,C,4ADAN060.16,DAN_ROANOKE,2019,,
19NF218,2,Dan River above Schoolfield Dam,4ADAN060.16,9/9/2019,CHC,Channel Catfish,2,54.1 - 54.2,1327 - 1440,36.574733,-79.435333,78.12,15.80,10.084,6.382,10.084,CHC,4ADAN060.16,DAN_ROANOKE,2019,,
19NF219,4,Dan River near Anglers Park below city of Danville,4ADAN054.03,9/10/2019,STB,Striped Bass,2,61.0 - 63.0,1864 - 2086,36.558383,-79.357167,78.46,8.12,104.795,67.634,104.795,STB,4ADAN054.03,DAN_ROANOKE,2019,,
19NF220,4,Dan River near Anglers Park below city of Danville,4ADAN054.03,9/10/2019,WE,Walleye,2,36.5 - 38.6,390 - 474,36.558383,-79.357167,79.66,1.86,12.902,10.792,12.902,WE,4ADAN054.03,DAN_ROANOKE,2019,,
19NF221,4,Dan River near Anglers Park below city of Danville,4ADAN054.03,9/10/2019,CHC,Channel Catfish,7,42.5 - 54.3,585 - 1269,36.558383,-79.357167,82.61,4.42,29.150,21.597,29.150,CHC,4ADAN054.03,DAN_ROANOKE,2019,,
19NF222,4,Dan River near Anglers Park below city of Danville,4ADAN054.03,9/10/2019,FHC,Flathead Catfish,1,79.1 - 91.5,5300 -8900,36.558383,-79.357167,79.69,9.34,203.375,126.896,203.375,FHC,4ADAN054.03,DAN_ROANOKE,2019,,
19NF223,4,Dan River near Anglers Park below city of Danville,4ADAN054.03,9/10/2019,FHC,Flathead Catfish,1,79.1,5300,36.558383,-79.357167,79.24,7.64,30.189,20.312,30.189,FHC,4ADAN054.03,DAN_ROANOKE,2019,,
19NF176,5,Dan River below South Boston near public boat ramp,4ADAN015.30,8/15/2019,BLC,Blue Catfish,4,64.0 - 71.0,2658 - 3564,36.694683,-78.882183,79.50,10.44,29.406,18.623,29.406,BLC,4ADAN015.30,DAN_ROANOKE,2019,,
19NF177,5,Dan River below South Boston near public boat ramp,4ADAN015.30,8/15/2019,CHC,Channel Catfish,5,44.2 - 50.5,564 - 1015,36.694683,-78.882183,81.89,5.92,29.259,23.264,29.259,CHC,4ADAN015.30,DAN_ROANOKE,2019,,
19NF178,5,Dan River below South Boston near public boat ramp,4ADAN015.30,8/15/2019,C,Carp,3,66.9 - 68.0,4300 - 5100,36.694683,-78.882183,74.92,21.40,51.456,34.687,51.456,C,4ADAN015.30,DAN_ROANOKE,2019,,
19NF179,5,Dan River below South Boston near public boat ramp,4ADAN015.30,8/15/2019,GRH,Golden Redhorse Sucker,4,46.1 - 56.5,1137 - 2104,36.694683,-78.882183,77.90,12.26,20.003,13.877,20.003,GRH,4ADAN015.30,DAN_ROANOKE,2019,,
19NF180,5,Dan River below South Boston near public boat ramp,4ADAN015.30,8/15/2019,FWD,Freshwater Drum,4,40.9 - 47.6,805 - 1349,36.694683,-78.882183,77.57,13.36,22.488,13.978,22.488,FWD,4ADAN015.30,DAN_ROANOKE,2019,,
19NF229,5,Dan River below South Boston near public boat ramp,4ADAN015.30,8/15/2019,BLC,Blue Catfish,4,55.1 - 62.4,1523 - 2466,36.694683,-78.882183,78.98,12.38,25.157,16.881,25.157,BLC,4ADAN015.30,DAN_ROANOKE,2019,,
19NF224,6,Dan River / Kerr Reservoir near State Park upper lake,4ADAN001.18,9/11/2019,LMB,Largemouth Bass,2,32.8 - 36.7,489 - 614,36.690383,-78.669300,78.83,2.46,4.777,3.132,4.777,LMB,4ADAN001.18,DAN_ROANOKE,2019,,
19NF225,6,Dan River / Kerr Reservoir near State Park upper lake,4ADAN001.18,9/11/2019,WHS,White Crappie,9,27.1 - 31.9,257 - 443,36.690383,-78.669300,79.26,1.82,0.000,0.000,0.000,WHS,4ADAN001.18,DAN_ROANOKE,2019,,
19NF226,6,Dan River / Kerr Reservoir near State Park upper lake,4ADAN001.18,9/11/2019,CHC,Channel Catfish,3,41.7 - 44.1,578 - 678,36.690383,-78.669300,80.74,7.70,20.538,13.855,20.538,CHC,4ADAN001.18,DAN_ROANOKE,2019,,
19NF227,6,Dan River / Kerr Reservoir near State Park upper lake,4ADAN001.18,9/11/2019,FHC,Flathead Catfish,1,104.9,16900,36.690383,-78.669300,76.28,21.66,478.151,315.826,478.151,FHC,4ADAN001.18,DAN_ROANOKE,2019,,
19NF228,6,Dan River / Kerr Reservoir near State Park upper lake,4ADAN001.18,9/11/2019,FHC,Flathead Catfish,1,104.9,15600,36.690383,-78.669300,77.91,17.46,405.074,278.427,405.074,FHC,4ADAN001.18,DAN_ROANOKE,2019,,
19NF211,3,Hyco River near Route 58 bridge,4AHYC002.70,9/5/2019,LMB,Largemouth Bass,2,42.8 - 44.7,1121 - 1330,36.667556,-78.755417,79.52,2.76,3.905,3.053,3.905,LMB,4AHYC002.70,DAN_ROANOKE,2019,,
19NF212,3,Hyco River near Route 58 bridge,4AHYC002.70,9/5/2019,BGS,Bluegill Sunfish,10,17.1 - 19.1,91 - 137,36.667556,-78.755417,79.51,3.60,0.000,0.000,0.000,BGS,4AHYC002.70,DAN_ROANOKE,2019,,
19NF213,3,Hyco River near Route 58 bridge,4AHYC002.70,9/5/2019,RES,Redear Sunfish,8,18.6 - 23.0,121 - 216,36.667556,-78.755417,79.62,2.32,0.000,0.000,0.000,RES,4AHYC002.70,DAN_ROANOKE,2019,,
19NF214,3,Hyco River near Route 58 bridge,4AHYC002.70,9/5/2019,C,Carp,4,60.1 - 68.6,2804 - 4020,36.667556,-78.755417,75.93,16.10,25.372,15.501,25.372,C,4AHYC002.70,DAN_ROANOKE,2019,,
19NF202,11,Roanoke River near Rt. 634 at Hardy,4AROA196.05,8/28/2019,FHC,Flathead Catfish,1,95.2,12800,37.216250,-79.837967,73.65,32.92,857.461,606.810,857.461,FHC,4AROA196.05,DAN_ROANOKE,2019,,
19NF203,11,Roanoke River near Rt. 634 at Hardy,4AROA196.05,8/28/2019,LMB,Largemouth Bass,4,35.9 - 45.5,642 - 1766,37.216250,-79.837967,78.46,4.10,10.664,7.449,10.664,LMB,4AROA196.05,DAN_ROANOKE,2019,,
19NF204,11,Roanoke River near Rt. 634 at Hardy,4AROA196.05,8/28/2019,BGS,Bluegill Sunfish,11,15.6 - 18.4,63 - 120,37.216250,-79.837967,80.62,3.66,3.586,2.559,3.586,BGS,4AROA196.05,DAN_ROANOKE,2019,,
19NF205,11,Roanoke River near Rt. 634 at Hardy,4AROA196.05,8/28/2019,GRH,Golden Redhorse Sucker,5,49.1 - 53.3,1053 - 1425,37.216250,-79.837967,80.88,5.72,55.819,46.317,55.819,GRH,4AROA196.05,DAN_ROANOKE,2019,,
19NF206,11,Roanoke River near Rt. 634 at Hardy,4AROA196.05,8/28/2019,C,Carp,5,51.3 - 63.2,2088 - 3405,37.216250,-79.837967,77.36,11.80,61.472,40.871,61.472,C,4AROA196.05,DAN_ROANOKE,2019,,
19NF198,10,"Smith Mountain Lake near Rt. 122, Hales Ford bridge",4AROA175.63,8/27/2019,LMB,Largemouth Bass,3,45.1 - 46.7,1350 - 1584,37.145400,-79.666517,76.84,10.96,24.117,15.619,24.117,LMB,4AROA175.63,DAN_ROANOKE,2019,,
19NF199,10,"Smith Mountain Lake near Rt. 122, Hales Ford bridge",4AROA175.63,8/27/2019,LMB,Largemouth Bass,3,39.9 - 44.6,935 - 1339,37.145400,-79.666517,78.16,7.38,9.585,7.446,9.585,LMB,4AROA175.63,DAN_ROANOKE,2019,,
19NF200,10,"Smith Mountain Lake near Rt. 122, Hales Ford bridge",4AROA175.63,8/27/2019,FHC,Flathead Catfish,3,67.2 - 78.5,3054 - 4675,37.145400,-79.666517,79.78,6.68,58.834,36.207,58.834,FHC,4AROA175.63,DAN_ROANOKE,2019,,
19NF201,10,"Smith Mountain Lake near Rt. 122, Hales Ford bridge",4AROA175.63,8/27/2019,C,Carp,5,60.0 - 67.1,2656 - 4650,37.145400,-79.666517,76.61,11.70,14.139,9.327,14.139,C,4AROA175.63,DAN_ROANOKE,2019,,
19NF194,9,Smith Mountain Lake near buoy 1B,4ABWR000.88,8/27/2019,LMB,Largemouth Bass,3,50.0 - 53.2,1792 - 2310,37.040000,-79.608611,76.65,7.44,12.824,6.940,12.824,LMB,4ABWR000.88,DAN_ROANOKE,2019,,
19NF195,9,Smith Mountain Lake near buoy 1B,4ABWR000.88,8/27/2019,LMB,Largemouth Bass,3,40.9 - 46.2,1058 - 1549,37.040000,-79.608611,78.85,5.04,3.942,2.478,3.942,LMB,4ABWR000.88,DAN_ROANOKE,2019,,
19NF196,9,Smith Mountain Lake near buoy 1B,4ABWR000.88,8/27/2019,WP,White Perch,12,22.1 - 25.6,129 - 201,37.040000,-79.608611,78.86,4.64,0.000,0.000,0.000,WP,4ABWR000.88,DAN_ROANOKE,2019,,
19NF197,9,Smith Mountain Lake near buoy 1B,4ABWR000.88,8/27/2019,C,Carp,3,49.3 - 54.6,1552 - 2151,37.040000,-79.608611,77.33,10.02,2.276,1.550,2.276,C,4ABWR000.88,DAN_ROANOKE,2019,,
19NF230,9,Smith Mountain Lake near buoy 1B,4ABWR000.88,8/27/2019,RBS,Redbreast Sunfish,12,15.5 - 20.0,67 - 138,37.040000,-79.608611,79.22,4.28,0.000,0.000,0.000,RBS,4ABWR000.88,DAN_ROANOKE,2019,,
19NF191,9,Leesville Lake,4AROA140.66,8/26/2019,LMB,Largemouth Bass,6,33.2 - 39.9,517 - 950,37.092350,-79.403250,78.32,2.80,0.000,0.000,0.000,LMB,4AROA140.66,DAN_ROANOKE,2019,,
19NF192,9,Leesville Lake,4AROA140.66,8/26/2019,BGS,Bluegill Sunfish,11,15.9 - 19.1,67 - 131,37.092350,-79.403250,79.65,3.84,0.000,0.000,0.000,BGS,4AROA140.66,DAN_ROANOKE,2019,,
19NF193,9,Leesville Lake,4AROA140.66,8/26/2019,GRH,Golden Redhorse Sucker,5,45.7 - 52.4,893 - 1371,37.092350,-79.403250,79.85,6.60,0.815,0.514,0.815,GRH,4AROA140.66,DAN_ROANOKE,2019,,
19NF186,8,"Roanoke River near Bus Rt. 29 bridge, Altavista",4AROA129.55,8/20/2019,SMB,Smallmouth Bass,4,39.7 - 45.2,751 - 1116,37.105000,-79.295556,78.00,4.06,44.024,25.006,44.024,SMB,4AROA129.55,DAN_ROANOKE,2019,,
19NF187,8,"Roanoke River near Bus Rt. 29 bridge, Altavista",4AROA129.55,8/20/2019,GRH,Golden Redhorse Sucker,5,44.9 - 51.7,959 - 1496,37.105000,-79.295556,78.91,8.62,37.050,27.809,37.050,GRH,4AROA129.55,DAN_ROANOKE,2019,,
19NF188,8,"Roanoke River near Bus Rt. 29 bridge, Altavista",4AROA129.55,8/20/2019,C,Carp,3,63.2 - 66.2,3601 - 4294,37.105000,-79.295556,75.28,19.88,931.825,643.894,931.825,C,4AROA129.55,DAN_ROANOKE,2019,,
19NF189,8,"Roanoke River near Bus Rt. 29 bridge, Altavista",4AROA129.55,8/20/2019,BLC,Blue Catfish,2,63.7 - 64.0,3051 - 3376,37.105000,-79.295556,77.88,12.08,55.020,35.318,55.020,BLC,4AROA129.55,DAN_ROANOKE,2019,,
19NF190,8,"Roanoke River near Bus Rt. 29 bridge, Altavista",4AROA129.55,8/20/2019,CHC,Channel Catfish,5,44.8 - 54.5,599 - 1771,37.105000,-79.295556,80.10,12.60,81.844,46.088,81.844,CHC,4AROA129.55,DAN_ROANOKE,2019,,
19NF181,7,Roanoke River /Kerr Reservoir near Clarksville Marina middle upper lake,4AROA036.59,8/19/2019,LMB,Largemouth Bass,2,37.1 - 44.4,669 - 1322,36.625717,-78.542050,79.00,3.42,7.649,4.821,7.649,LMB,4AROA036.59,DAN_ROANOKE,2019,,
19NF181D,7,Roanoke River /Kerr Reservoir near Clarksville Marina middle upper lake,4AROA036.59,8/19/2019,LMB,Largemouth Bass,2,37.1 - 44.4,669 - 1322,36.625717,-78.542050,79.00,3.60,7.590,4.553,7.590,LMB,4AROA036.59,DAN_ROANOKE,2019,,
19NF182,7,Roanoke River /Kerr Reservoir near Clarksville Marina middle upper lake,4AROA036.59,8/19/2019,RES,Redear Sunfish,10,24.0 - 28.9,312 - 528,36.625717,-78.542050,78.62,5.52,2.874,1.956,2.874,RES,4AROA036.59,DAN_ROANOKE,2019,,
19NF183,7,Roanoke River /Kerr Reservoir near Clarksville Marina middle upper lake,4AROA036.59,8/19/2019,FWD,Freshwater Drum,1,59.6,1861,36.625717,-78.542050,80.20,1.92,0.837,0.505,0.837,FWD,4AROA036.59,DAN_ROANOKE,2019,,
19NF184,7,Roanoke River /Kerr Reservoir near Clarksville Marina middle upper lake,4AROA036.59,8/19/2019,FHC,Flathead Catfish,1,96.3,10500,36.625717,-78.542050,79.05,13.54,255.279,177.976,255.279,FHC,4AROA036.59,DAN_ROANOKE,2019,,
19NF185,7,Roanoke River /Kerr Reservoir near Clarksville Marina middle upper lake,4AROA036.59,8/19/2019,CHC,Channel Catfish,5,48.2 - 52.0,894 - 1324,36.625717,-78.542050,78.99,12.68,43.023,25.539,43.023,CHC,4AROA036.59,DAN_ROANOKE,2019,,
19NF207,12,"Eastland Creek, 2 miles above mouth at Kerr Reservoir Sta #9EA ",4AEAS001.20,9/4/2019,LMB,Largemouth Bass,7,31.6 - 38.0,372 - 785,36.624167,-78.378056,78.80,3.76,1.888,1.264,1.888,LMB,4AEAS001.20,DAN_ROANOKE,2019,,
19NF207D,12,"Eastland Creek, 2 miles above mouth at Kerr Reservoir Sta #9EA ",4AEAS001.20,9/4/2019,LMB,Largemouth Bass,7,31.6 - 38.0,372 - 785,36.624167,-78.378056,78.80,4.08,1.783,1.137,1.783,LMB,4AEAS001.20,DAN_ROANOKE,2019,,
19NF208,12,"Eastland Creek, 2 miles above mouth at Kerr Reservoir Sta #9EA ",4AEAS001.20,9/4/2019,RES,Redear Sunfish,8,18.5 - 24.0,108 - 236,36.624167,-78.378056,79.58,3.30,0.000,0.000,0.000,RES,4AEAS001.20,DAN_ROANOKE,2019,,
19NF209,12,"Eastland Creek, 2 miles above mouth at Kerr Reservoir Sta #9EA ",4AEAS001.20,9/4/2019,BGS,Bluegill Sunfish,7,15.2 - 16.7,59 - 84,36.624167,-78.378056,81.47,2.64,0.609,0.404,0.609,BGS,4AEAS001.20,DAN_ROANOKE,2019,,
19NF210,12,"Eastland Creek, 2 miles above mouth at Kerr Reservoir Sta #9EA ",4AEAS001.20,9/4/2019,CHC,Channel Catfish,3,47.7 - 49.8,776 - 901,36.624167,-78.378056,79.74,8.10,21.790,14.101,21.790,CHC,4AEAS001.20,DAN_ROANOKE,2019,,
19NF231,13,"Lake Gaston, off Point (Mecklenburg County)",4AROA004.54,9/16/2019,LMB,Largemouth Bass,2,37.5 - 39.0,785 - 850,36.549722,-78.117500,79.28,2.62,0.753,0.486,0.753,LMB,4AROA004.54,DAN_ROANOKE,2019,,
19NF232,13,"Lake Gaston, off Point (Mecklenburg County)",4AROA004.54,9/16/2019,YP,Yellow Perch,4,25.5 - 28.9,218 - 346,36.549722,-78.117500,78.43,1.90,0.000,0.000,0.000,YP,4AROA004.54,DAN_ROANOKE,2019,,
19NF233,13,"Lake Gaston, off Point (Mecklenburg County)",4AROA004.54,9/16/2019,CHC,Channel Catfish,3,44.7 - 54.2,620 - 1589,36.549722,-78.117500,80.55,12.28,43.238,27.147,43.238,CHC,4AROA004.54,DAN_ROANOKE,2019,,
19NF234,13,"Lake Gaston, off Point (Mecklenburg County)",4AROA004.54,9/16/2019,RES,Redear Sunfish,5,25.7 - 27.7,339 - 405,36.549722,-78.117500,78.95,2.64,0.000,0.000,0.000,RES,4AROA004.54,DAN_ROANOKE,2019,,
19NF235,13,"Lake Gaston, off Point (Mecklenburg County)",4AROA004.54,9/16/2019,BGS,Bluegill Sunfish,11,15.7 - 19.4,65 - 139,36.549722,-78.117500,79.96,3.52,0.574,0.402,0.574,BGS,4AROA004.54,DAN_ROANOKE,2019,,
